Plot_ID,Owner_Name,Father_Name,Survey_No,Gat_No,Area,Land_Type,Village,Taluka,District,State,Ownership_Type,No_of_Owners,Crop_Type,Irrigation_Source,Encumbrances,Mutation_Entry_No,Date_of_Mutation,Purchase_Value,Market_Value,Transaction_Type,Registration_No,Aadhaar_No,PAN_No,Contact_No,Address,Latitude,Longitude,Soil_Type,Fertility_Status,Ownership_Status,Land_Use,Tax_Status,Remarks,Last_Updated
PLOT001,Neelofar Sinha,Saira Jadhav,817/A,375,8.45,Non-Agricultural,Etawah,Rahuri,Kolhapur,Maharashtra,Single,1,Fallow,Rainfed,Mortgage,M2736,2022-09-07,₹283334,₹1634978,Inheritance,R9628,XXXX-XXXX-8111,MKOPZ3342V,+915930632884,"H.No. 149, Kunda Path, Unnao 881741",19.7362,75.6147,Black Cotton,Low,Active,Fallow,Unpaid,Partially cultivated,2025-02-02
PLOT002,Diya Kapadia,Rasha Shinde,284/C,745,6.94,Agricultural,Hosur,Karmala,Solapur,Maharashtra,Joint,2,Wheat,Borewell,Bank Loan,M2070,2023-04-09,₹577446,₹1261805,Gift,R1247,XXXX-XXXX-5701,MPKPI5052W,+913627826259,"H.No. 44, Bhardwaj Zila, Katni 229427",19.4272,74.0621,Laterite,Fertile,Disputed,Crop,Paid,Dryland,2025-02-25
PLOT003,Ranbir Madan,Yashvi Patil,566/B,681,0.61,Agricultural,Rourkela,Rahuri,Nashik,Maharashtra,Joint,4,Cotton,Borewell,None,M3045,2022-08-18,₹517964,₹1746155,Gift,R2196,XXXX-XXXX-4299,FYPPQ0257P,02483223676,"55/955, Lad Road, Sangli-Miraj & Kupwad 591822",17.0045,75.8464,Sandy,Low,Disputed,Crop,Unpaid,Dryland,2025-08-29
PLOT004,Ivan Bahl,Riya Kadam,221/B,989,3.7,Non-Agricultural,Moradabad,Karjat,Beed,Maharashtra,Joint,3,Paddy,Rainfed,Bank Loan,M9340,2020-12-11,₹693697,₹1760747,Gift,R9071,XXXX-XXXX-6852,JTJPJ3646N,3732212210,"H.No. 817, Dhaliwal Street, Alwar 723700",19.8593,75.7843,Sandy,Fertile,Disputed,Crop,Paid,Under observation,2025-09-20
PLOT005,Oorja Rajagopalan,Pihu Patil,292/B,239,9.92,Agricultural,Srikakulam,Beed,Ahmednagar,Maharashtra,Joint,3,Fallow,Borewell,Bank Loan,M7930,2021-09-25,₹670792,₹1940248,Gift,R8600,XXXX-XXXX-3994,KJAPH0848O,06658605369,"86/52, Chakrabarti Path, Dibrugarh-070725",19.6158,75.3028,Alluvial,Medium,Active,Residential,Unpaid,Dryland,2025-01-09
PLOT006,Nakul Dhar,Adira Shinde,866/C,720,6.2,Agricultural,Aurangabad,Pandharpur,Ahmednagar,Maharashtra,Single,1,Soybean,Borewell,None,M7901,2025-06-04,₹295189,₹1744867,Inheritance,R6063,XXXX-XXXX-2691,UQDPO7069D,07659183776,"H.No. 88, Mani Marg, Pimpri-Chinchwad 105417",18.9186,73.6535,Alluvial,Medium,Active,Fallow,Paid,Irrigated area,2024-10-27
PLOT007,Hunar Gole,Ela Kadam,315/C,155,8.64,Non-Agricultural,Sangli-Miraj & Kupwad,Pandharpur,Pune,Maharashtra,Joint,2,Sugarcane,Rainfed,Bank Loan,M4824,2022-07-26,₹530571,₹1049075,Sale,R2746,XXXX-XXXX-2889,CMTPT3574E,+913370725333,"981, Guha Zila, Raichur-917979",17.9241,73.1074,Red,Low,Disputed,Residential,Paid,Under observation,2025-05-17
PLOT008,Raunak Sarna,Charvi Patil,796/A,691,1.47,Non-Agricultural,Machilipatnam,Pandharpur,Ahmednagar,Maharashtra,Single,1,Wheat,Borewell,Bank Loan,M3961,2021-02-21,₹605526,₹1106520,Gift,R2764,XXXX-XXXX-2006,DTWPI3052Q,07372303670,"514, Tara Nagar, Madurai 797967",19.4449,73.9804,Alluvial,Fertile,Disputed,Crop,Unpaid,Dryland,2025-04-12
PLOT009,Lakshay Cherian,Jivin Patil,891/B,834,2.44,Non-Agricultural,Delhi,Sangola,Pune,Maharashtra,Single,1,Paddy,Rainfed,Bank Loan,M6677,2024-03-05,₹609094,₹1949887,Sale,R6373,XXXX-XXXX-5744,TRDPQ9534F,04067157127,"21/66, Chanda Ganj, Pallavaram 933788",18.1552,74.0133,Laterite,Medium,Active,Fallow,Unpaid,Under observation,2025-01-31
PLOT010,Tara Kara,Aayush Shinde,943/C,509,9.09,Non-Agricultural,Buxar,Beed,Kolhapur,Maharashtra,Joint,4,Fallow,Borewell,Mortgage,M3254,2025-04-21,₹393503,₹1786810,Inheritance,R2529,XXXX-XXXX-2757,AODPJ5760C,+910376203435,"07/025, Wason Path, Srikakulam 882771",18.9027,73.5144,Laterite,Low,Active,Residential,Paid,Dryland,2025-08-30
PLOT011,Zara Deo,Pranay Shinde,768/B,987,9.23,Agricultural,Belgaum,Karjat,Kolhapur,Maharashtra,Single,1,Cotton,Rainfed,Bank Loan,M3974,2025-02-26,₹496807,₹1834743,Gift,R9329,XXXX-XXXX-9169,GNUPM4280K,+913816235701,"65/99, Barad, Bardhaman-741372",19.1708,73.8686,Black Cotton,Medium,Active,Fallow,Paid,Irrigated area,2025-02-22
PLOT012,Tiya Thaman,Taimur Jadhav,928/C,384,7.63,Non-Agricultural,Dehradun,Rahuri,Beed,Maharashtra,Single,1,Paddy,Canal,None,M3432,2022-09-11,₹734314,₹937779,Inheritance,R8354,XXXX-XXXX-2839,YKMPS0868S,+913944649217,"80/992, Sule Street, Berhampur 042713",19.7266,73.5941,Red,Fertile,Disputed,Residential,Paid,Dryland,2025-05-15
PLOT013,Hazel Bains,Jivika Kadam,643/C,453,2.63,Non-Agricultural,Gangtok,Rahuri,Beed,Maharashtra,Single,1,Wheat,Well,Bank Loan,M8329,2024-03-15,₹467401,₹1149903,Sale,R1584,XXXX-XXXX-4590,UNNPC9448L,8536473715,"35, Chandra Zila, Morbi-402721",17.0452,75.0975,Laterite,Fertile,Disputed,Crop,Paid,Dryland,2025-03-05
PLOT014,Raunak Bhandari,Uthkarsh Patil,222/B,725,5.56,Agricultural,Kolhapur,Pandharpur,Beed,Maharashtra,Single,1,Sugarcane,Canal,Mortgage,M9123,2023-11-02,₹655551,₹1557292,Gift,R1877,XXXX-XXXX-8757,RVUPA4578W,9739797913,"43, Loke Nagar, Faridabad-106404",19.7227,73.799,Sandy,Low,Disputed,Crop,Unpaid,Irrigated area,2025-04-11
PLOT015,Rohan Biswas,Bhamini Deshmukh,891/A,364,2.32,Non-Agricultural,Khora ,Pandharpur,Ahmednagar,Maharashtra,Joint,4,Paddy,Canal,None,M1183,2021-02-09,₹533807,₹1483198,Gift,R5136,XXXX-XXXX-1353,AASPG6522T,+913237588850,"H.No. 950, Chakraborty Ganj, Jamalpur-035443",18.9195,75.0629,Laterite,Low,Active,Crop,Paid,Partially cultivated,2024-11-04
PLOT016,Kartik Dhillon,Kabir Patil,465/B,436,4.6,Non-Agricultural,Baranagar,Karmala,Nashik,Maharashtra,Joint,2,Cotton,Well,Legal Dispute,M7168,2024-03-10,₹566064,₹1635288,Inheritance,R3856,XXXX-XXXX-5677,QZAPV2281G,+915267880276,"97, Gade Nagar, Rourkela 242492",17.9299,74.503,Sandy,Fertile,Disputed,Crop,Unpaid,Partially cultivated,2025-06-06
PLOT017,Vivaan Bir,Raghav Deshmukh,319/C,507,5.65,Agricultural,Burhanpur,Baramati,Ahmednagar,Maharashtra,Single,1,Sugarcane,Well,None,M7632,2022-02-16,₹672005,₹1401415,Inheritance,R4395,XXXX-XXXX-8558,DALPI0197J,6938218979,"H.No. 443, Doshi Chowk, Etawah 285956",17.3621,73.4216,Black Cotton,Medium,Active,Fallow,Paid,Dryland,2025-07-27
PLOT018,Nitya Rama,Bhavin Jadhav,697/B,452,4.6,Agricultural,Pondicherry,Baramati,Ahmednagar,Maharashtra,Single,1,Maize,Borewell,Mortgage,M9212,2023-02-22,₹224253,₹1282432,Sale,R9936,XXXX-XXXX-2441,VMCPR1328D,06823305997,"918, Borah Road, Gudivada-851539",18.2329,74.752,Red,Medium,Disputed,Residential,Paid,Dryland,2025-01-03
PLOT019,Kanav Kade,Aarush Kadam,392/B,707,6.81,Agricultural,Amravati,Rahuri,Pune,Maharashtra,Single,1,Soybean,Well,Bank Loan,M3116,2023-05-07,₹334157,₹1568302,Sale,R1471,XXXX-XXXX-5515,FJHPB7353T,+919428522387,"83/72, Sodhi Zila, Karaikudi 472110",17.0748,74.997,Red,Low,Active,Residential,Paid,Partially cultivated,2025-05-09
PLOT020,Lakshay Jayaraman,Parinaaz Patil,586/B,739,5.58,Non-Agricultural,Raebareli,Beed,Solapur,Maharashtra,Joint,3,Sugarcane,Borewell,Mortgage,M5219,2025-09-13,₹783207,₹1747014,Gift,R1707,XXXX-XXXX-7412,KJQPK4949C,02078047863,"37/654, Dua Zila, Bathinda-326730",19.9837,73.6453,Sandy,Medium,Disputed,Fallow,Unpaid,Under observation,2025-06-17
PLOT021,Nishith Wason,Aarush Deshmukh,574/B,254,8.97,Non-Agricultural,Ramgarh,Pandharpur,Nashik,Maharashtra,Single,1,Fallow,Well,None,M2453,2025-09-28,₹562932,₹1485533,Gift,R5901,XXXX-XXXX-4769,VIOPM1243C,02339479543,"H.No. 896, Bora Zila, Nagaon-588241",17.9687,73.0137,Sandy,Medium,Active,Fallow,Unpaid,Dryland,2025-08-22
PLOT022,Anya Soni,Ehsaan Deshmukh,353/B,531,0.97,Agricultural,Gurgaon,Baramati,Ahmednagar,Maharashtra,Single,1,Paddy,Rainfed,Legal Dispute,M9477,2022-10-08,₹767126,₹1899990,Inheritance,R2962,XXXX-XXXX-9951,DEQPX5004J,03442081438,"84/06, Krish Path, Sultan Pur Majra-989956",19.0279,75.2171,Black Cotton,Medium,Disputed,Fallow,Unpaid,Under observation,2025-09-11
PLOT023,Pranay Sathe,Mannat Kadam,312/B,571,3.3,Agricultural,Kota,Beed,Ahmednagar,Maharashtra,Joint,3,Cotton,Well,None,M7708,2021-03-10,₹331248,₹1818573,Gift,R6430,XXXX-XXXX-7985,GQTPY4927U,01335534944,"86, Chokshi Ganj, Aligarh 471984",19.0557,75.8599,Sandy,Low,Active,Crop,Unpaid,Partially cultivated,2025-05-29
PLOT024,Kabir Sabharwal,Divij Shinde,121/C,628,4.42,Agricultural,Thanjavur,Karmala,Kolhapur,Maharashtra,Joint,3,Wheat,Well,None,M5533,2025-06-07,₹643413,₹1025077,Sale,R9106,XXXX-XXXX-7342,BFIPW8691N,2530186249,"59/046, Shanker Marg, Nandyal 862344",18.8773,75.4818,Black Cotton,Fertile,Disputed,Crop,Unpaid,Dryland,2025-07-03
PLOT025,Reyansh Lal,Dhanuk Shinde,210/C,772,3.21,Agricultural,Chennai,Rahuri,Pune,Maharashtra,Joint,4,Maize,Rainfed,Legal Dispute,M6989,2025-08-14,₹592825,₹1589271,Gift,R9824,XXXX-XXXX-6288,UDFPA0455H,+913012437417,"H.No. 138, Khanna Zila, Avadi-132604",17.7551,75.3528,Laterite,Medium,Active,Residential,Unpaid,Dryland,2024-12-17
PLOT026,Pranay Rout,Khushi Patil,118/C,323,9.76,Non-Agricultural,Dehri,Rahuri,Solapur,Maharashtra,Joint,2,Fallow,Well,None,M2298,2022-08-20,₹288470,₹931096,Gift,R1113,XXXX-XXXX-2293,PSAPZ0956Q,02002221427,"53/972, Das Nagar, Danapur-941213",17.1127,75.4472,Laterite,Low,Active,Crop,Paid,Partially cultivated,2025-04-13
PLOT027,Hridaan Dhaliwal,Ranbir Jadhav,270/A,180,7.78,Agricultural,Bhusawal,Pandharpur,Kolhapur,Maharashtra,Joint,4,Soybean,Canal,Mortgage,M2965,2024-01-02,₹340806,₹1760791,Gift,R5024,XXXX-XXXX-1228,FBAPW6527N,03069358276,"04/263, Khurana, Motihari-134757",18.3186,74.7612,Sandy,Medium,Disputed,Residential,Unpaid,Irrigated area,2025-06-01
PLOT028,Zeeshan Wason,Dishani Jadhav,452/C,422,0.84,Non-Agricultural,Dharmavaram,Baramati,Ahmednagar,Maharashtra,Joint,2,Cotton,Borewell,None,M3962,2025-01-24,₹223717,₹1668092,Gift,R6469,XXXX-XXXX-5282,YETPN5113R,1370085263,"82/705, Khalsa Path, Aurangabad 266100",19.9065,74.1519,Alluvial,Low,Active,Fallow,Unpaid,Irrigated area,2025-09-11
PLOT029,Tarini Bobal,Jivika Jadhav,837/B,629,8.42,Non-Agricultural,Mahbubnagar,Pandharpur,Kolhapur,Maharashtra,Joint,4,Maize,Well,Bank Loan,M2467,2023-12-31,₹710834,₹1801577,Inheritance,R9281,XXXX-XXXX-1797,HBXPZ9889Z,+915031912767,"88/543, Suri Ganj, Jabalpur 845174",18.6282,74.7239,Sandy,Fertile,Disputed,Residential,Paid,Under observation,2025-04-14
PLOT030,Mahika Rajan,Samar Patil,832/B,198,7.54,Agricultural,Bhimavaram,Karjat,Kolhapur,Maharashtra,Single,1,Maize,Well,Bank Loan,M4865,2023-05-24,₹760202,₹1537016,Inheritance,R1676,XXXX-XXXX-7489,PHDPG0399Q,03795332980,"86/011, Chacko Marg, Bhubaneswar 782536",19.7033,74.5173,Alluvial,Low,Disputed,Residential,Paid,Under observation,2024-11-05
PLOT031,Vardaniya Dhingra,Ira Jadhav,991/A,484,9.29,Non-Agricultural,Kharagpur,Karmala,Ahmednagar,Maharashtra,Joint,3,Maize,Canal,Legal Dispute,M1096,2024-03-13,₹287061,₹1199872,Gift,R5902,XXXX-XXXX-6666,CMPPC1454W,+913623436664,"002, Baria Path, Ranchi-773977",19.4881,74.7588,Alluvial,Medium,Disputed,Fallow,Paid,Irrigated area,2025-10-04
PLOT032,Miraya Suresh,Shanaya Kadam,545/A,445,1.82,Non-Agricultural,Raiganj,Beed,Beed,Maharashtra,Single,1,Wheat,Well,Mortgage,M9782,2023-05-10,₹620466,₹1360514,Gift,R3253,XXXX-XXXX-3977,LYJPH6480I,04197890526,"728, Bansal Chowk, Sonipat 439068",17.3901,75.8608,Black Cotton,Low,Active,Residential,Unpaid,Dryland,2024-10-21
PLOT033,Jivin Sandhu,Tiya Jadhav,411/C,269,2.43,Non-Agricultural,Jhansi,Rahuri,Kolhapur,Maharashtra,Joint,2,Sugarcane,Canal,Legal Dispute,M5010,2024-01-22,₹245426,₹1524499,Inheritance,R8326,XXXX-XXXX-1509,KLMPH7401B,5549464517,"38/96, Thaman Road, Bhiwandi-999820",17.691,75.4789,Laterite,Medium,Disputed,Crop,Paid,Partially cultivated,2025-09-24
PLOT034,Advika Deshpande,Dhanush Kadam,594/C,991,9.06,Agricultural,Moradabad,Sangola,Solapur,Maharashtra,Joint,3,Paddy,Well,None,M9419,2021-11-01,₹496753,₹1931424,Inheritance,R6568,XXXX-XXXX-9272,HHYPM3802K,0357240366,"97/98, Gulati Circle, Ahmednagar 325216",19.6701,75.402,Alluvial,Low,Active,Crop,Paid,Under observation,2025-02-06
PLOT035,Vaibhav Rege,Ishaan Shinde,821/A,661,8.14,Agricultural,Berhampur,Beed,Ahmednagar,Maharashtra,Single,1,Fallow,Borewell,Legal Dispute,M6087,2024-10-12,₹412465,₹1935232,Inheritance,R4341,XXXX-XXXX-4053,OEGPP1876M,09825335848,"H.No. 39, Sood Circle, Ulhasnagar 229363",17.0029,75.7444,Red,Medium,Active,Crop,Unpaid,Dryland,2025-07-09
PLOT036,Aaryahi Malhotra,Priyansh Patil,798/B,621,8.02,Agricultural,Raichur,Sangola,Nashik,Maharashtra,Joint,2,Sugarcane,Rainfed,None,M7689,2021-06-13,₹378311,₹1765742,Inheritance,R9787,XXXX-XXXX-9694,ULFPM7025M,+911892587385,"82, Reddy Path, Mathura 826220",19.7694,75.9123,Alluvial,Medium,Active,Residential,Paid,Under observation,2025-08-13
PLOT037,Raghav Bansal,Nishith Kadam,245/B,978,1.03,Agricultural,Bidhannagar,Beed,Solapur,Maharashtra,Joint,3,Wheat,Canal,Mortgage,M5239,2024-02-19,₹245269,₹1342848,Inheritance,R4560,XXXX-XXXX-1118,BJHPZ1242G,09441437210,"70/366, Bal Ganj, Chandrapur-509926",17.878,75.3025,Sandy,Fertile,Disputed,Crop,Paid,Partially cultivated,2025-04-23
PLOT038,Rania Toor,Tushar Deshmukh,986/C,833,0.89,Agricultural,Firozabad,Pandharpur,Kolhapur,Maharashtra,Single,1,Maize,Rainfed,Legal Dispute,M5589,2021-07-25,₹573130,₹1766119,Inheritance,R1963,XXXX-XXXX-4072,CIWPT9342X,3271253492,"H.No. 361, Tak Road, Maheshtala 025757",18.117,74.8522,Alluvial,Fertile,Disputed,Crop,Unpaid,Partially cultivated,2025-04-11
PLOT039,Zoya Bhasin,Hansh Kadam,130/C,368,8.56,Non-Agricultural,Madanapalle,Rahuri,Ahmednagar,Maharashtra,Single,1,Cotton,Well,Mortgage,M5985,2021-07-12,₹498482,₹1658025,Sale,R2479,XXXX-XXXX-5804,SNCPT5467V,02368596804,"63, Shenoy Circle, Warangal-842649",19.6849,74.5001,Sandy,Fertile,Active,Fallow,Paid,Dryland,2025-07-24
PLOT040,Ishaan Solanki,Mishti Patil,706/B,956,3.52,Agricultural,Delhi,Karmala,Nashik,Maharashtra,Joint,4,Maize,Borewell,Mortgage,M3025,2020-11-30,₹753861,₹1524022,Inheritance,R1687,XXXX-XXXX-5383,KYRPD8322M,7409960012,"17/229, Varughese Zila, Buxar-619018",19.2183,74.2098,Sandy,Medium,Disputed,Residential,Paid,Partially cultivated,2024-12-18
PLOT041,Aayush Dave,Zaina Shinde,534/A,293,5.65,Non-Agricultural,Ratlam,Pandharpur,Pune,Maharashtra,Joint,4,Paddy,Well,Bank Loan,M9742,2022-10-04,₹419559,₹1937540,Sale,R9249,XXXX-XXXX-1890,HCIPD6748H,1241732149,"H.No. 20, Vyas Path, Dhule-142469",18.7426,73.9934,Laterite,Medium,Active,Fallow,Paid,Dryland,2025-04-05
PLOT042,Neelofar Ravi,Azad Shinde,455/C,245,7.66,Agricultural,Meerut,Baramati,Pune,Maharashtra,Joint,3,Sugarcane,Canal,Legal Dispute,M2714,2021-01-17,₹528032,₹1792444,Gift,R9203,XXXX-XXXX-9904,VHTPC9914E,07303261786,"H.No. 187, Biswas, Bathinda-957201",19.3356,74.719,Sandy,Medium,Disputed,Crop,Paid,Dryland,2025-06-20
PLOT043,Shray Agrawal,Inaaya  Deshmukh,155/C,547,2.18,Agricultural,Berhampur,Rahuri,Ahmednagar,Maharashtra,Joint,2,Fallow,Rainfed,None,M5768,2024-01-24,₹487072,₹1625742,Inheritance,R9040,XXXX-XXXX-8854,QSTPF2006A,+918724635530,"940, Sekhon Zila, Hyderabad 422740",17.3908,74.1586,Black Cotton,Fertile,Disputed,Crop,Unpaid,Partially cultivated,2025-01-03
PLOT044,Aniruddh Deo,Rasha Jadhav,852/B,807,4.9,Non-Agricultural,Anantapuram,Sangola,Beed,Maharashtra,Single,1,Cotton,Borewell,Legal Dispute,M3526,2023-08-30,₹607758,₹1293427,Gift,R2184,XXXX-XXXX-4294,WMUPD6068J,+913781488038,"98, Mandal Zila, Amroha 721595",19.3029,74.2075,Alluvial,Fertile,Active,Crop,Unpaid,Dryland,2024-11-06
PLOT045,Ishaan Gopal,Akarsh Kadam,497/B,877,1.32,Non-Agricultural,Tiruppur,Baramati,Pune,Maharashtra,Joint,4,Wheat,Rainfed,None,M3546,2020-11-12,₹764665,₹1473934,Inheritance,R1725,XXXX-XXXX-4507,PUHPF3029K,+917227334683,"616, Solanki Zila, Machilipatnam-918086",19.8247,74.2332,Alluvial,Medium,Disputed,Crop,Unpaid,Dryland,2024-12-10
PLOT046,Aarna Kulkarni,Devansh Shinde,129/C,283,6.9,Non-Agricultural,Malda,Baramati,Ahmednagar,Maharashtra,Joint,4,Fallow,Borewell,Legal Dispute,M8001,2025-02-05,₹405158,₹1337965,Inheritance,R8921,XXXX-XXXX-3057,PMKPR9045W,0842742206,"29/20, Solanki, Faridabad-033749",17.6361,75.9317,Alluvial,Low,Disputed,Crop,Paid,Under observation,2024-11-22
PLOT047,Dhanush Basak,Pihu Kadam,561/C,563,7.01,Agricultural,Jalna,Beed,Kolhapur,Maharashtra,Joint,4,Cotton,Well,None,M6740,2021-11-13,₹297628,₹1098441,Gift,R5512,XXXX-XXXX-4556,ZACPP6526R,3718371754,"90/62, Khalsa Marg, Ongole-336021",18.5511,73.0428,Sandy,Fertile,Disputed,Residential,Paid,Irrigated area,2025-04-05
PLOT048,Ivana Bhandari,Vivaan Deshmukh,548/B,107,1.27,Agricultural,Hubli–Dharwad,Baramati,Beed,Maharashtra,Single,1,Sugarcane,Well,Bank Loan,M2197,2021-09-17,₹399449,₹1775219,Inheritance,R9646,XXXX-XXXX-6654,YXLPU3686G,08351561492,"H.No. 66, Sangha Path, Tadepalligudem-683082",19.1059,74.2734,Red,Medium,Active,Crop,Unpaid,Under observation,2024-12-13
PLOT049,Nakul Gour,Nishith Kadam,751/A,743,6.72,Non-Agricultural,Tadepalligudem,Karjat,Nashik,Maharashtra,Joint,4,Cotton,Well,Bank Loan,M1853,2023-12-05,₹755855,₹1303570,Gift,R2412,XXXX-XXXX-4587,ECPPO7937Z,0194726154,"395, Anand Road, Naihati-608395",17.4678,74.7308,Sandy,Fertile,Disputed,Residential,Unpaid,Under observation,2025-04-25
PLOT050,Miraan Kakar,Ishaan Patil,238/B,348,9.03,Non-Agricultural,Coimbatore,Karjat,Kolhapur,Maharashtra,Joint,2,Sugarcane,Canal,Bank Loan,M3329,2023-07-31,₹353307,₹1563630,Gift,R3739,XXXX-XXXX-4023,WNNPF9976S,02494924066,"16, Gade Marg, Gopalpur 336318",19.4574,73.9683,Black Cotton,Medium,Disputed,Fallow,Paid,Partially cultivated,2025-09-28
PLOT051,Dharmajan Sur,Ayesha Shinde,942/B,726,1.55,Agricultural,Buxar,Karjat,Solapur,Maharashtra,Joint,2,Fallow,Borewell,Bank Loan,M6490,2023-04-17,₹382466,₹1716367,Gift,R5235,XXXX-XXXX-8598,ZPEPJ6328S,00593640339,"H.No. 88, Singhal Marg, Orai-606419",17.6276,75.6846,Laterite,Medium,Active,Residential,Paid,Under observation,2025-09-07
PLOT052,Yuvraj  Kari,Sana Kadam,967/C,145,2.45,Agricultural,Kozhikode,Karjat,Beed,Maharashtra,Single,1,Sugarcane,Well,Legal Dispute,M5552,2025-05-31,₹707961,₹1861670,Inheritance,R3231,XXXX-XXXX-9564,AOWPL7468U,07620774563,"25, Shukla Street, Tadipatri-081752",18.016,74.9984,Black Cotton,Low,Active,Fallow,Paid,Under observation,2025-02-03
PLOT053,Samarth Chandra,Nishith Shinde,982/B,826,1.43,Non-Agricultural,Indore,Pandharpur,Solapur,Maharashtra,Joint,3,Wheat,Canal,Legal Dispute,M3781,2023-05-01,₹589141,₹1640215,Gift,R6694,XXXX-XXXX-9305,NMCPM6927F,04405341288,"518, Soni Street, Jammu 691431",17.8055,74.7047,Alluvial,Low,Active,Residential,Unpaid,Partially cultivated,2025-02-07
PLOT054,Divij Dyal,Nehmat Patil,686/C,531,9.55,Agricultural,Madanapalle,Rahuri,Kolhapur,Maharashtra,Joint,3,Maize,Borewell,Mortgage,M8367,2021-01-04,₹352219,₹1659464,Gift,R5827,XXXX-XXXX-4595,QRQPV1843V,+915774030674,"H.No. 747, Subramaniam, Bongaigaon-127424",19.7581,74.4165,Red,Medium,Disputed,Residential,Unpaid,Under observation,2025-03-05
PLOT055,Pranay Rastogi,Raunak Deshmukh,910/C,421,7.09,Non-Agricultural,Dibrugarh,Karmala,Beed,Maharashtra,Single,1,Fallow,Well,None,M2146,2022-03-10,₹729421,₹1255490,Inheritance,R8172,XXXX-XXXX-3913,TPKPU0458K,05548321586,"391, Sama Path, Fatehpur-501792",18.6729,74.3922,Sandy,Low,Active,Crop,Paid,Under observation,2025-04-20
PLOT056,Oorja Bali,Vritika Patil,877/A,752,4.42,Agricultural,Secunderabad,Karmala,Pune,Maharashtra,Single,1,Wheat,Canal,Legal Dispute,M7412,2023-10-24,₹268002,₹1414147,Sale,R6449,XXXX-XXXX-6879,HYCPU0785C,+913444016788,"H.No. 32, Dara Street, Bhavnagar-622593",18.773,74.8487,Sandy,Low,Active,Fallow,Unpaid,Partially cultivated,2025-06-19
PLOT057,Aarav Dhar,Ayesha Kadam,516/C,874,8.45,Agricultural,Dehri,Karjat,Pune,Maharashtra,Single,1,Soybean,Borewell,Mortgage,M5281,2025-06-13,₹725284,₹1306183,Sale,R2826,XXXX-XXXX-9597,YNTPW0740T,7284683986,"29/92, Gulati Chowk, Nagercoil-332748",19.4889,73.3575,Laterite,Fertile,Active,Residential,Unpaid,Dryland,2025-01-08
PLOT058,Vihaan Lala,Rasha Deshmukh,529/C,300,5.22,Agricultural,Cuttack,Karjat,Pune,Maharashtra,Joint,2,Sugarcane,Borewell,Mortgage,M2532,2021-09-01,₹597475,₹1294833,Gift,R1388,XXXX-XXXX-7483,YOZPW6902N,+913175157361,"679, Chauhan Path, Nashik 704283",19.1066,74.3492,Black Cotton,Fertile,Disputed,Fallow,Unpaid,Under observation,2025-07-13
PLOT059,Shalv Wable,Aarush Shinde,743/C,909,4.95,Non-Agricultural,Giridih,Sangola,Beed,Maharashtra,Single,1,Wheat,Canal,Legal Dispute,M1448,2023-09-24,₹220164,₹1050678,Sale,R6279,XXXX-XXXX-6444,BNBPU3494S,07268050067,"456, Divan Circle, Bally-497480",18.1378,73.6311,Laterite,Fertile,Active,Fallow,Paid,Irrigated area,2024-10-28
PLOT060,Oorja Chand,Farhan Shinde,284/A,945,2.5,Non-Agricultural,Ramagundam,Pandharpur,Beed,Maharashtra,Single,1,Paddy,Canal,None,M9873,2023-09-14,₹357504,₹1692563,Gift,R1184,XXXX-XXXX-8890,IUKPP4320Q,6461141365,"35, Mahal Nagar, Haldia-871062",18.8159,75.1484,Laterite,Low,Active,Crop,Paid,Partially cultivated,2025-02-26
PLOT061,Diya Bumb,Umang Deshmukh,782/A,125,4.57,Agricultural,Nandyal,Karmala,Ahmednagar,Maharashtra,Joint,4,Sugarcane,Rainfed,Mortgage,M4574,2022-07-07,₹324654,₹1676055,Inheritance,R2909,XXXX-XXXX-7618,FJKPU1794T,00485530227,"98, Chaudhry Ganj, Gopalpur 545232",17.6615,75.8437,Sandy,Low,Disputed,Residential,Unpaid,Dryland,2025-04-02
PLOT062,Jayant Mahajan,Yakshit Kadam,908/B,485,4.96,Agricultural,Muzaffarpur,Baramati,Beed,Maharashtra,Single,1,Fallow,Rainfed,Mortgage,M4932,2024-09-20,₹252345,₹1315767,Sale,R7791,XXXX-XXXX-2930,DHMPY6406L,02020922419,"H.No. 77, Kar Zila, Jalandhar 081957",19.8813,74.0037,Black Cotton,Medium,Disputed,Residential,Unpaid,Partially cultivated,2024-11-22
PLOT063,Riaan Vora,Adah Deshmukh,290/B,940,0.65,Non-Agricultural,Orai,Pandharpur,Nashik,Maharashtra,Joint,3,Wheat,Well,Bank Loan,M2941,2022-11-06,₹562809,₹912400,Gift,R5044,XXXX-XXXX-2609,HWZPU3306D,02323117920,"96/241, Zacharia Nagar, Purnia-182205",19.0096,73.5502,Black Cotton,Fertile,Disputed,Residential,Unpaid,Irrigated area,2025-05-14
PLOT064,Zoya Krishnan,Aradhya Jadhav,200/C,317,9.71,Agricultural,Surendranagar Dudhrej,Rahuri,Pune,Maharashtra,Joint,2,Cotton,Well,Bank Loan,M3220,2024-06-22,₹673135,₹1032724,Gift,R4840,XXXX-XXXX-7541,MBPPB9882G,5207839814,"H.No. 813, Trivedi Street, Kota-634191",18.8566,74.9422,Red,Fertile,Active,Residential,Paid,Under observation,2024-11-28
PLOT065,Divyansh Kapoor,Mehul Deshmukh,575/B,697,8.4,Agricultural,Muzaffarpur,Karjat,Solapur,Maharashtra,Single,1,Soybean,Borewell,Bank Loan,M8990,2022-04-17,₹407949,₹1902925,Inheritance,R9027,XXXX-XXXX-9832,ZJGPW3882I,03571774500,"63/20, Dhawan Chowk, Tirunelveli 755964",17.9298,74.3455,Red,Low,Disputed,Crop,Unpaid,Under observation,2025-06-22
PLOT066,Priyansh Walla,Aayush Jadhav,207/A,687,6.24,Agricultural,Siwan,Karmala,Solapur,Maharashtra,Single,1,Sugarcane,Well,Mortgage,M4313,2022-06-22,₹663412,₹1076161,Inheritance,R5009,XXXX-XXXX-7838,VJFPX6982Y,9893857736,"037, Soman, Thanjavur 932974",19.5888,75.554,Alluvial,Medium,Disputed,Fallow,Unpaid,Irrigated area,2025-02-15
PLOT067,Saksham Chana,Yashvi Shinde,469/B,376,5.8,Agricultural,Bongaigaon,Pandharpur,Pune,Maharashtra,Joint,3,Paddy,Rainfed,Legal Dispute,M1356,2023-12-18,₹408628,₹1483948,Inheritance,R7241,XXXX-XXXX-7446,RGJPA5290M,+914977478394,"H.No. 59, Bail Road, Shivpuri 575405",18.337,75.7703,Black Cotton,Low,Active,Fallow,Unpaid,Irrigated area,2025-01-01
PLOT068,Mannat Garg,Devansh Deshmukh,376/B,716,3.7,Non-Agricultural,Aurangabad,Pandharpur,Kolhapur,Maharashtra,Single,1,Paddy,Canal,Bank Loan,M5640,2022-03-11,₹754788,₹1710307,Inheritance,R7104,XXXX-XXXX-5837,MPSPM6700L,0267969797,"60/06, Suresh, Bidhannagar-863633",19.5671,73.1985,Red,Low,Active,Fallow,Unpaid,Under observation,2025-03-30
PLOT069,Mishti Mander,Suhana Kadam,662/C,880,2.03,Non-Agricultural,Anantapuram,Sangola,Pune,Maharashtra,Single,1,Sugarcane,Borewell,None,M2048,2025-06-23,₹503116,₹1755036,Sale,R2990,XXXX-XXXX-8528,YORPL3899O,07289739898,"358, Butala Marg, Belgaum-642582",18.0535,74.4456,Alluvial,Low,Active,Residential,Unpaid,Under observation,2025-08-28
PLOT070,Kiara Tata,Badal Patil,369/B,319,4.93,Non-Agricultural,Nashik,Baramati,Pune,Maharashtra,Single,1,Fallow,Rainfed,None,M6734,2021-01-21,₹588504,₹1710793,Sale,R4146,XXXX-XXXX-2202,KXNPO3106U,1739470723,"00/799, Dhawan Circle, Hazaribagh 040100",19.3873,74.2598,Laterite,Medium,Active,Crop,Unpaid,Dryland,2025-10-05
PLOT071,Eva Boase,Sana Jadhav,260/B,590,3.64,Non-Agricultural,Karaikudi,Karjat,Kolhapur,Maharashtra,Single,1,Paddy,Canal,Legal Dispute,M7183,2022-12-01,₹310422,₹1711815,Sale,R7476,XXXX-XXXX-5163,FHBPO9033F,+911221476883,"802, Khalsa Chowk, Hajipur 551666",19.4992,74.3202,Black Cotton,Low,Disputed,Fallow,Unpaid,Under observation,2024-11-12
PLOT072,Samiha Chandran,Romil Patil,821/B,529,7.81,Agricultural,Miryalaguda,Karmala,Solapur,Maharashtra,Single,1,Cotton,Borewell,Mortgage,M4735,2024-09-11,₹217050,₹1107276,Inheritance,R8671,XXXX-XXXX-2068,LESPO9327A,04370461128,"H.No. 343, Vasa, Nanded 504788",18.4461,73.8057,Black Cotton,Low,Active,Crop,Unpaid,Irrigated area,2024-10-28
PLOT073,Fateh Bhardwaj,Rati Jadhav,571/B,761,4.44,Agricultural,Navi Mumbai,Baramati,Solapur,Maharashtra,Single,1,Fallow,Canal,Bank Loan,M1045,2023-11-05,₹570680,₹1747532,Sale,R3013,XXXX-XXXX-7694,XMQPH2845B,04469077714,"21/495, Grewal Ganj, Vijayanagaram 753674",17.6123,75.1659,Laterite,Fertile,Disputed,Residential,Paid,Dryland,2025-01-10
PLOT074,Hridaan Yadav,Kanav Shinde,509/C,758,9.43,Agricultural,Pimpri-Chinchwad,Sangola,Solapur,Maharashtra,Joint,3,Wheat,Canal,Legal Dispute,M5348,2023-05-10,₹790546,₹1757883,Inheritance,R1493,XXXX-XXXX-6443,CUFPG5863F,+912891686661,"H.No. 700, Sundaram Road, Mira-Bhayandar-668368",18.0771,74.2433,Red,Fertile,Active,Crop,Unpaid,Irrigated area,2025-05-26
PLOT075,Bhamini Mann,Shaan Patil,841/B,852,5.56,Agricultural,Jamshedpur,Pandharpur,Kolhapur,Maharashtra,Joint,3,Wheat,Canal,None,M6098,2020-10-14,₹700205,₹1625580,Inheritance,R2253,XXXX-XXXX-1526,KHBPH2848G,6667486611,"50/88, Tripathi Street, Sultan Pur Majra 039900",17.9517,75.5772,Alluvial,Fertile,Active,Fallow,Unpaid,Irrigated area,2025-02-22
PLOT076,Tara Mall,Lagan Kadam,422/B,529,9.68,Non-Agricultural,Kumbakonam,Sangola,Nashik,Maharashtra,Single,1,Maize,Borewell,Legal Dispute,M5411,2021-02-01,₹584676,₹1334575,Gift,R4047,XXXX-XXXX-8551,JAKPW1572R,4006144318,"15, Gaba Chowk, Ratlam-509515",18.6124,74.3605,Laterite,Medium,Active,Fallow,Paid,Irrigated area,2024-12-01
PLOT077,Zara Dara,Hiran Jadhav,949/C,236,9.7,Non-Agricultural,Burhanpur,Karjat,Ahmednagar,Maharashtra,Single,1,Paddy,Borewell,None,M2575,2021-10-05,₹366168,₹1547097,Inheritance,R4231,XXXX-XXXX-3584,ECAPR6463S,07030964078,"446, Contractor Nagar, Kurnool 274905",18.1154,73.8482,Alluvial,Low,Active,Crop,Paid,Dryland,2024-11-26
PLOT078,Saira Kapur,Purab Kadam,247/A,534,3.18,Agricultural,Coimbatore,Pandharpur,Nashik,Maharashtra,Single,1,Cotton,Borewell,Bank Loan,M6875,2020-11-19,₹632660,₹1749375,Inheritance,R3973,XXXX-XXXX-9975,YBIPY7829T,+913501361756,"02/24, Sahota, Delhi 175493",18.1286,74.3866,Red,Low,Active,Fallow,Paid,Irrigated area,2025-05-15
PLOT079,Ivana Bahri,Nayantara Deshmukh,613/C,573,6.4,Agricultural,Pudukkottai,Sangola,Kolhapur,Maharashtra,Joint,4,Cotton,Borewell,Legal Dispute,M4632,2021-02-02,₹761272,₹1973225,Gift,R5904,XXXX-XXXX-9352,DLRPI7611E,+914132785152,"34, Atwal Nagar, Bahraich-494274",17.2218,73.4813,Sandy,Medium,Active,Residential,Paid,Under observation,2025-02-10
PLOT080,Sara Gill,Myra Deshmukh,326/C,823,5.88,Non-Agricultural,Muzaffarnagar,Beed,Ahmednagar,Maharashtra,Single,1,Cotton,Well,Mortgage,M6346,2024-03-11,₹493728,₹1227839,Gift,R4732,XXXX-XXXX-6868,XARPK6566C,0543914633,"45/589, Kanda Path, Mirzapur 333257",19.7344,74.2842,Black Cotton,Medium,Disputed,Residential,Unpaid,Irrigated area,2025-06-09
PLOT081,Kanav Kohli,Bhamini Jadhav,803/A,122,3.45,Non-Agricultural,Jalna,Karjat,Solapur,Maharashtra,Joint,3,Sugarcane,Well,Bank Loan,M1243,2025-01-03,₹318139,₹1258754,Sale,R1240,XXXX-XXXX-4902,JZOPW9545Q,01461471210,"37/24, Shroff, Howrah 270162",18.5016,75.7375,Sandy,Medium,Active,Crop,Unpaid,Dryland,2025-07-30
PLOT082,Vedika Rattan,Kartik Deshmukh,408/C,885,2.56,Agricultural,Jodhpur,Rahuri,Pune,Maharashtra,Single,1,Soybean,Borewell,Legal Dispute,M6421,2023-07-07,₹446134,₹1054159,Sale,R3498,XXXX-XXXX-5754,QDQPU4271Q,+915913581436,"H.No. 62, Arora Path, Serampore 238695",18.5331,74.318,Black Cotton,Fertile,Disputed,Fallow,Unpaid,Under observation,2024-10-27
PLOT083,Prerak Bhat,Ishita Patil,907/C,827,5.89,Agricultural,Pali,Pandharpur,Nashik,Maharashtra,Joint,3,Fallow,Well,Legal Dispute,M7306,2023-01-13,₹341583,₹1261525,Sale,R5080,XXXX-XXXX-3775,CEZPD4446Z,+918481509554,"H.No. 34, Ramesh Ganj, Jodhpur-873841",19.3463,75.0395,Sandy,Medium,Disputed,Crop,Unpaid,Under observation,2025-09-15
PLOT084,Gatik Wason,Shamik Deshmukh,150/B,842,8.08,Agricultural,Meerut,Beed,Kolhapur,Maharashtra,Joint,2,Fallow,Canal,Bank Loan,M7979,2021-01-21,₹334191,₹1881926,Inheritance,R6914,XXXX-XXXX-7492,XQPPJ5116M,9536550932,"17, Sanghvi Nagar, Malegaon-514628",19.0529,74.5845,Laterite,Fertile,Active,Fallow,Unpaid,Under observation,2025-09-12
PLOT085,Samarth Sampath,Kiaan Kadam,786/C,292,8.67,Agricultural,Nashik,Rahuri,Ahmednagar,Maharashtra,Single,1,Maize,Borewell,Mortgage,M7576,2024-02-09,₹513417,₹1405968,Gift,R5830,XXXX-XXXX-6104,QRIPN8036F,02017058293,"H.No. 845, Dixit, Faridabad 292632",18.7586,74.2632,Alluvial,Fertile,Active,Crop,Paid,Irrigated area,2024-11-10
PLOT086,Ranbir Ahuja,Rohan Patil,709/C,803,3.49,Agricultural,Davanagere,Sangola,Pune,Maharashtra,Joint,2,Soybean,Canal,None,M5532,2022-07-03,₹498169,₹1629700,Gift,R3749,XXXX-XXXX-1502,LEIPE4282Q,07593771697,"99/95, Sarma Zila, Patiala 892215",19.5605,75.1234,Sandy,Low,Disputed,Residential,Unpaid,Under observation,2025-04-02
PLOT087,Madhav Vora,Sana Deshmukh,778/C,939,2.4,Agricultural,Panipat,Rahuri,Nashik,Maharashtra,Joint,4,Maize,Rainfed,Bank Loan,M8335,2023-09-25,₹360962,₹1425761,Inheritance,R7823,XXXX-XXXX-3519,KABPY5523X,00740861794,"28/747, Suresh Chowk, Tinsukia 821568",17.5191,73.7703,Laterite,Low,Active,Crop,Paid,Irrigated area,2025-09-15
PLOT088,Amani Chaudhary,Saanvi Deshmukh,529/A,623,4.49,Agricultural,Tinsukia,Baramati,Kolhapur,Maharashtra,Single,1,Sugarcane,Borewell,Mortgage,M8220,2024-06-13,₹743611,₹1218060,Sale,R2731,XXXX-XXXX-9140,WTGPB3885X,06474719430,"60, Rana Nagar, Eluru-129991",18.9394,73.3857,Red,Low,Disputed,Residential,Paid,Under observation,2025-08-22
PLOT089,Chirag Randhawa,Aarav Deshmukh,198/A,791,5.03,Non-Agricultural,Ghaziabad,Baramati,Kolhapur,Maharashtra,Joint,2,Wheat,Rainfed,Mortgage,M4159,2022-07-04,₹344322,₹1682500,Gift,R9780,XXXX-XXXX-2642,TKFPL2709U,9379791488,"96, Sandal Nagar, Motihari 672562",19.0839,73.0516,Sandy,Low,Active,Residential,Paid,Irrigated area,2025-08-26
PLOT090,Riya Mani,Mohanlal Shinde,769/B,197,8.9,Agricultural,Dehradun,Baramati,Beed,Maharashtra,Joint,2,Maize,Canal,Legal Dispute,M9381,2025-10-02,₹344173,₹935080,Gift,R7462,XXXX-XXXX-5903,UPGPB3357T,+918983277264,"H.No. 72, Tiwari Chowk, Lucknow-691444",18.7735,73.4893,Sandy,Low,Disputed,Residential,Unpaid,Irrigated area,2025-05-03
PLOT091,Siya Sane,Shlok Deshmukh,326/B,168,0.53,Agricultural,Bhagalpur,Rahuri,Pune,Maharashtra,Joint,4,Fallow,Rainfed,Legal Dispute,M8993,2022-04-25,₹600125,₹1030581,Inheritance,R2269,XXXX-XXXX-3937,DKIPO8054F,04486365570,"446, Bir Chowk, Jodhpur 596089",17.8829,73.3695,Black Cotton,Fertile,Disputed,Residential,Unpaid,Dryland,2025-06-20
PLOT092,Miraan Krishnamurthy,Dharmajan Shinde,611/C,214,2.76,Agricultural,Sambalpur,Pandharpur,Ahmednagar,Maharashtra,Single,1,Wheat,Canal,Mortgage,M1593,2025-09-27,₹670801,₹914001,Sale,R7004,XXXX-XXXX-3501,YSZPP9173R,03253429842,"66/69, Kurian Road, Kolhapur 035576",17.4298,75.1171,Alluvial,Fertile,Active,Residential,Unpaid,Irrigated area,2024-10-14
PLOT093,Ishaan Bakshi,Fateh Jadhav,687/B,489,5.39,Non-Agricultural,Sri Ganganagar,Karjat,Solapur,Maharashtra,Single,1,Paddy,Well,None,M4961,2025-08-31,₹336721,₹1257633,Sale,R8703,XXXX-XXXX-9727,LKXPS1876G,00707821680,"797, Rau Circle, Jhansi 395778",17.7655,74.0498,Alluvial,Fertile,Disputed,Residential,Paid,Partially cultivated,2025-05-25
PLOT094,Elakshi Mahajan,Mannat Jadhav,512/C,200,2.45,Agricultural,Tiruvottiyur,Rahuri,Beed,Maharashtra,Single,1,Paddy,Canal,Mortgage,M3671,2023-07-21,₹343549,₹1897595,Inheritance,R2324,XXXX-XXXX-8815,AWZPD9423F,06516190489,"54/685, Raman Chowk, Hosur-676119",18.1591,73.9922,Laterite,Medium,Active,Fallow,Unpaid,Dryland,2024-10-08
PLOT095,Tara Venkatesh,Tarini Shinde,993/B,296,9.13,Agricultural,Ongole,Baramati,Solapur,Maharashtra,Single,1,Sugarcane,Well,Legal Dispute,M7654,2022-06-30,₹796797,₹1268143,Gift,R2966,XXXX-XXXX-6660,KDRPA5347J,7163792720,"693, Rajagopalan Nagar, Singrauli 782316",19.2683,74.6627,Red,Medium,Disputed,Crop,Paid,Under observation,2024-12-10
PLOT096,Aradhya Dani,Divyansh Patil,710/B,579,8.11,Agricultural,Bokaro,Karjat,Nashik,Maharashtra,Single,1,Maize,Borewell,Mortgage,M3511,2023-10-08,₹289941,₹1142935,Sale,R7709,XXXX-XXXX-4693,FQMPB1387D,7586859420,"818, Bhakta Zila, Dhanbad-954407",17.3405,75.3492,Laterite,Fertile,Active,Crop,Unpaid,Irrigated area,2024-12-20
PLOT097,Taimur Mander,Zain Kadam,953/B,984,0.83,Agricultural,Srinagar,Beed,Solapur,Maharashtra,Single,1,Cotton,Well,Bank Loan,M1001,2022-07-23,₹444941,₹901637,Sale,R4278,XXXX-XXXX-5697,SQXPL5013P,2452013268,"989, Vasa Nagar, Allahabad-548440",19.8565,73.1757,Alluvial,Low,Active,Residential,Paid,Under observation,2025-08-21
PLOT098,Samaira Din,Ela Deshmukh,499/C,829,9.52,Non-Agricultural,Narasaraopet,Rahuri,Kolhapur,Maharashtra,Single,1,Soybean,Well,Bank Loan,M9030,2024-03-18,₹498923,₹1006300,Inheritance,R5057,XXXX-XXXX-1124,KEMPU3761K,+910893663357,"56/56, Bajwa Chowk, Nizamabad 491744",19.1461,75.4097,Red,Medium,Disputed,Crop,Paid,Under observation,2025-03-28
PLOT099,Umang Barad,Shalv Patil,383/C,457,5.13,Non-Agricultural,Jalandhar,Rahuri,Ahmednagar,Maharashtra,Joint,2,Cotton,Well,None,M7563,2022-09-28,₹584132,₹951077,Gift,R9325,XXXX-XXXX-2031,UUMPK5101C,+916054602363,"37/445, Balan Marg, Bhatpara 226524",17.4047,73.7034,Sandy,Medium,Active,Fallow,Paid,Under observation,2025-05-28
PLOT100,Yashvi Sura,Eshani Kadam,781/B,968,1.73,Agricultural,Bhiwani,Baramati,Ahmednagar,Maharashtra,Single,1,Maize,Canal,None,M9568,2025-07-25,₹202095,₹1088201,Gift,R9345,XXXX-XXXX-9297,FOTPK2911Y,5590740544,"H.No. 600, Yohannan Road, Durgapur 157807",17.3895,74.308,Sandy,Medium,Active,Crop,Unpaid,Under observation,2025-07-06
PLOT101,Damini Sama,Adira Patil,489/B,883,9.49,Non-Agricultural,Muzaffarpur,Karjat,Pune,Maharashtra,Single,1,Fallow,Well,Legal Dispute,M8596,2021-12-30,₹304739,₹1102066,Sale,R3517,XXXX-XXXX-4431,PCGPA3104S,07770581662,"80/11, Ravi Marg, Ambattur 815994",18.7751,74.643,Red,Medium,Active,Residential,Paid,Under observation,2025-03-05
PLOT102,Shlok Viswanathan,Mishti Deshmukh,817/A,352,5.47,Agricultural,Bhind,Rahuri,Pune,Maharashtra,Single,1,Maize,Rainfed,Bank Loan,M9767,2022-05-13,₹594332,₹1613573,Gift,R1959,XXXX-XXXX-6449,SKVPH7823P,7982347450,"04, Iyer, Rampur 217853",17.3451,74.3177,Red,Medium,Disputed,Crop,Unpaid,Partially cultivated,2025-01-11
PLOT103,Samarth Gola,Manjari Kadam,859/B,946,1.53,Agricultural,Bellary,Karjat,Kolhapur,Maharashtra,Single,1,Sugarcane,Canal,Bank Loan,M8834,2023-10-22,₹322310,₹1010731,Sale,R8783,XXXX-XXXX-7190,WOEPH7267X,+910405242330,"96/475, Goyal Street, Nanded 579373",17.4606,75.3049,Alluvial,Fertile,Disputed,Residential,Paid,Partially cultivated,2025-01-21
PLOT104,Ahana  Bera,Urvi Jadhav,934/C,529,6.87,Non-Agricultural,Kamarhati,Rahuri,Nashik,Maharashtra,Joint,2,Fallow,Well,None,M9088,2021-03-11,₹515877,₹1150802,Sale,R2138,XXXX-XXXX-1888,JNOPB0790Y,09367918784,"H.No. 03, Wadhwa Marg, Sikar 496768",19.1794,73.3817,Laterite,Fertile,Disputed,Crop,Unpaid,Irrigated area,2024-12-19
PLOT105,Dhruv Bumb,Aradhya Patil,545/B,681,6.62,Agricultural,Gangtok,Rahuri,Beed,Maharashtra,Single,1,Sugarcane,Well,Bank Loan,M4074,2023-04-02,₹690104,₹1835457,Gift,R8055,XXXX-XXXX-1443,CIWPO8065T,+916844924867,"H.No. 522, Raj Street, Ongole 528338",19.3154,74.3896,Laterite,Fertile,Disputed,Fallow,Unpaid,Irrigated area,2024-12-08
PLOT106,Dhanuk Yadav,Akarsh Kadam,313/C,840,3.07,Agricultural,Bhalswa Jahangir Pur,Karmala,Beed,Maharashtra,Joint,2,Sugarcane,Well,Legal Dispute,M1991,2022-11-06,₹654037,₹959941,Sale,R2187,XXXX-XXXX-1454,VTYPB9501Z,7809184987,"H.No. 36, Dhillon Marg, Tiruvottiyur-740202",19.7447,73.084,Red,Fertile,Disputed,Residential,Unpaid,Dryland,2025-02-21
PLOT107,Aradhya Keer,Tejas Patil,585/C,757,6.98,Non-Agricultural,Hosur,Sangola,Pune,Maharashtra,Joint,4,Wheat,Canal,None,M4686,2022-07-12,₹271240,₹1929456,Sale,R9938,XXXX-XXXX-6708,WRVPE1221U,01268460308,"45, Sha, Singrauli 692145",18.1184,75.5778,Sandy,Low,Active,Fallow,Unpaid,Partially cultivated,2024-11-18
PLOT108,Yuvraj  Krish,Bhavin Jadhav,565/B,923,9.08,Agricultural,Rajpur Sonarpur,Karmala,Ahmednagar,Maharashtra,Joint,3,Paddy,Well,Legal Dispute,M4672,2025-04-16,₹641232,₹1632478,Sale,R1946,XXXX-XXXX-5018,REBPL7522G,5592442207,"284, Chaudry Ganj, Unnao 966036",18.0563,75.8141,Laterite,Medium,Active,Crop,Unpaid,Under observation,2025-02-14
PLOT109,Sahil Yadav,Ranbir Shinde,884/A,915,3.85,Non-Agricultural,Kakinada,Pandharpur,Solapur,Maharashtra,Single,1,Paddy,Canal,Mortgage,M6904,2021-12-20,₹470027,₹1435113,Inheritance,R3109,XXXX-XXXX-7723,SJOPD4247Y,9000579115,"98/73, Varughese, Begusarai 824178",19.6086,74.5881,Laterite,Fertile,Disputed,Residential,Paid,Dryland,2025-10-03
PLOT110,Trisha Doctor,Fateh Shinde,358/A,760,1.87,Agricultural,Mahbubnagar,Sangola,Nashik,Maharashtra,Joint,2,Cotton,Borewell,Legal Dispute,M3375,2022-12-17,₹415747,₹1851928,Inheritance,R3194,XXXX-XXXX-9081,BRUPI0050I,02002529336,"H.No. 88, Sandhu Ganj, Jamnagar-089836",18.722,74.8209,Laterite,Low,Active,Fallow,Unpaid,Irrigated area,2025-09-20
PLOT111,Umang Ratti,Navya Patil,146/B,885,6.42,Agricultural,Amravati,Baramati,Nashik,Maharashtra,Single,1,Cotton,Canal,Bank Loan,M7439,2025-03-31,₹497268,₹1007872,Gift,R2688,XXXX-XXXX-6235,FNPPC3867Q,+917399138190,"H.No. 66, Lad Zila, Mirzapur-988975",18.4953,73.7854,Laterite,Fertile,Disputed,Crop,Paid,Under observation,2025-02-15
PLOT112,Krish Gara,Lakshay Shinde,908/A,829,2.82,Non-Agricultural,Srinagar,Beed,Nashik,Maharashtra,Single,1,Soybean,Canal,Bank Loan,M5529,2025-03-13,₹333852,₹1080946,Gift,R9156,XXXX-XXXX-3652,WRYPF3113T,4866257431,"16, Magar Circle, Udaipur-652874",19.4902,73.7927,Black Cotton,Fertile,Active,Crop,Unpaid,Partially cultivated,2025-03-05
PLOT113,Nitara Tara,Farhan Patil,120/B,907,1.86,Non-Agricultural,Kolkata,Beed,Nashik,Maharashtra,Joint,2,Wheat,Canal,Legal Dispute,M9382,2025-03-23,₹516753,₹1320479,Inheritance,R2413,XXXX-XXXX-4086,AFWPU7922O,+919166647861,"05, Kumer Road, Anantapur-934418",18.4765,73.6656,Black Cotton,Fertile,Active,Residential,Unpaid,Irrigated area,2025-04-15
PLOT114,Veer Kamdar,Amira Shinde,850/A,133,4.03,Agricultural,Ichalkaranji,Karjat,Ahmednagar,Maharashtra,Joint,2,Fallow,Rainfed,Bank Loan,M4718,2020-10-23,₹222130,₹1336552,Sale,R7619,XXXX-XXXX-6438,DFMPO5495W,9200080174,"70, Bera Chowk, Jammu-446606",18.3193,74.3983,Alluvial,Fertile,Active,Crop,Paid,Irrigated area,2025-04-23
PLOT115,Faiyaz Dada,Inaaya  Patil,321/A,785,7.56,Agricultural,Bangalore,Sangola,Pune,Maharashtra,Joint,2,Soybean,Borewell,Mortgage,M6937,2021-08-07,₹608294,₹1068834,Inheritance,R5496,XXXX-XXXX-2149,XKCPQ4945W,07038617994,"H.No. 498, Andra, Bokaro-350783",17.0135,75.6341,Sandy,Medium,Active,Residential,Unpaid,Irrigated area,2025-05-07
PLOT116,Aayush Buch,Ivana Shinde,519/A,546,2.58,Agricultural,Bardhaman,Karmala,Solapur,Maharashtra,Joint,3,Cotton,Rainfed,Mortgage,M8872,2024-09-22,₹511534,₹1100739,Gift,R1943,XXXX-XXXX-3135,NTKPO1108K,08244673017,"16, Buch Zila, Jaipur-984671",18.3087,74.4703,Black Cotton,Medium,Active,Crop,Unpaid,Partially cultivated,2025-02-22
PLOT117,Sara Shan,Onkar Kadam,584/C,338,4.36,Agricultural,Karnal,Baramati,Pune,Maharashtra,Joint,3,Fallow,Canal,Bank Loan,M8657,2021-10-14,₹247221,₹1829435,Gift,R2456,XXXX-XXXX-7824,DNGPY4935S,+913614263184,"70, Devan Circle, Moradabad-510343",18.6423,73.4569,Laterite,Fertile,Disputed,Fallow,Paid,Under observation,2025-06-10
PLOT118,Kartik Char,Aaina Jadhav,763/C,791,7.53,Agricultural,Pondicherry,Karjat,Pune,Maharashtra,Single,1,Fallow,Canal,None,M9417,2021-12-09,₹770006,₹1614942,Inheritance,R6228,XXXX-XXXX-1053,LQGPL7491G,+917812247731,"99/47, Subramaniam Zila, Jaunpur 991800",18.6822,75.3108,Alluvial,Medium,Active,Crop,Unpaid,Under observation,2025-09-13
PLOT119,Anay Bhasin,Diya Shinde,293/A,580,3.27,Agricultural,Siliguri,Baramati,Solapur,Maharashtra,Joint,3,Soybean,Borewell,Bank Loan,M9514,2025-01-12,₹764046,₹1157850,Sale,R3009,XXXX-XXXX-7076,FBRPA1008I,06092930908,"20/77, Khosla Street, Aurangabad 091945",17.3359,74.4011,Black Cotton,Fertile,Disputed,Crop,Unpaid,Partially cultivated,2025-06-01
PLOT120,Rhea Kibe,Heer Shinde,304/C,962,2.47,Non-Agricultural,Gulbarga,Karjat,Pune,Maharashtra,Joint,4,Wheat,Canal,Legal Dispute,M8086,2025-06-12,₹588839,₹1190912,Sale,R1367,XXXX-XXXX-6798,NOAPP1651V,07102472884,"51/21, Chhabra Street, Kolhapur-834633",17.8851,74.8088,Laterite,Fertile,Disputed,Fallow,Unpaid,Under observation,2025-03-26
PLOT121,Ehsaan Chandran,Fateh Kadam,976/B,904,3.37,Non-Agricultural,Surat,Karmala,Beed,Maharashtra,Joint,3,Cotton,Borewell,Mortgage,M5958,2025-04-19,₹605069,₹1454732,Sale,R4986,XXXX-XXXX-3802,HKPPR7904R,7223217113,"65/06, Kala Path, New Delhi-109110",18.6472,75.3967,Black Cotton,Low,Disputed,Fallow,Unpaid,Under observation,2025-04-14
PLOT122,Krish Swamy,Anika Deshmukh,602/C,625,9.05,Non-Agricultural,Maheshtala,Rahuri,Ahmednagar,Maharashtra,Joint,2,Cotton,Canal,Bank Loan,M4290,2020-12-01,₹422231,₹1741317,Gift,R6686,XXXX-XXXX-1693,UDNPG5807O,08301442800,"42/89, Babu Zila, Madurai-535830",19.7405,73.3807,Red,Low,Disputed,Crop,Unpaid,Under observation,2025-04-02
PLOT123,Veer Sami,Tarini Kadam,863/B,730,2.36,Agricultural,Siwan,Rahuri,Kolhapur,Maharashtra,Single,1,Sugarcane,Well,Bank Loan,M1747,2025-08-19,₹507877,₹1576801,Sale,R8439,XXXX-XXXX-1445,OWAPB4611O,07965033903,"49/18, Goswami Ganj, Serampore 998862",17.4786,75.607,Sandy,Low,Active,Residential,Unpaid,Dryland,2025-08-19
PLOT124,Ranbir Chandran,Tejas Shinde,578/C,559,1.27,Non-Agricultural,Bareilly,Beed,Solapur,Maharashtra,Single,1,Cotton,Well,None,M5232,2024-03-29,₹370566,₹1541805,Gift,R9504,XXXX-XXXX-3968,EMWPU4991E,9368987280,"H.No. 09, Savant Ganj, Nandyal 503695",18.0826,73.13,Alluvial,Fertile,Disputed,Residential,Unpaid,Dryland,2024-12-01
PLOT125,Hiran Dutta,Anahita Kadam,835/C,567,2.54,Agricultural,Sasaram,Pandharpur,Beed,Maharashtra,Joint,3,Cotton,Rainfed,Legal Dispute,M4558,2021-06-26,₹760223,₹1259627,Gift,R8670,XXXX-XXXX-4294,HWSPX8864L,06185131880,"H.No. 677, Bandi Nagar, Mehsana 527483",17.006,75.8411,Red,Fertile,Active,Fallow,Paid,Irrigated area,2025-02-14
PLOT126,Ivan Hayre,Himmat Kadam,414/B,630,3.61,Non-Agricultural,Vasai-Virar,Rahuri,Kolhapur,Maharashtra,Single,1,Soybean,Well,Mortgage,M2550,2022-11-03,₹323433,₹1230439,Sale,R2124,XXXX-XXXX-8197,CMAPT0664F,6899005665,"550, Kakar Path, Kharagpur 017525",19.7473,75.6733,Laterite,Low,Active,Fallow,Paid,Irrigated area,2025-07-10
PLOT127,Aaryahi Bhagat,Mehul Kadam,507/C,225,5.48,Non-Agricultural,Gandhinagar,Rahuri,Kolhapur,Maharashtra,Joint,3,Soybean,Canal,Mortgage,M5250,2022-10-31,₹736042,₹956047,Inheritance,R8951,XXXX-XXXX-9493,EZXPL3379F,4462741729,"67/73, Sem Zila, Naihati-879278",18.9305,75.3576,Laterite,Medium,Active,Residential,Paid,Dryland,2024-12-07
PLOT128,Neelofar Atwal,Kaira Deshmukh,961/C,123,8.91,Non-Agricultural,Saharanpur,Sangola,Pune,Maharashtra,Joint,3,Paddy,Borewell,None,M6040,2021-02-12,₹561780,₹1596451,Gift,R3733,XXXX-XXXX-6789,YWCPW2541E,03509800032,"00, Thaker, Purnia 668437",17.7782,75.8988,Red,Fertile,Disputed,Crop,Unpaid,Under observation,2024-12-15
PLOT129,Pihu Seth,Indrajit Deshmukh,944/A,487,1.3,Agricultural,Erode,Beed,Solapur,Maharashtra,Joint,2,Soybean,Borewell,Legal Dispute,M7998,2022-03-05,₹738989,₹1325655,Inheritance,R3608,XXXX-XXXX-2209,TNJPJ7899Z,+918263596985,"72, Seshadri Road, Bhalswa Jahangir Pur-288786",17.798,75.406,Alluvial,Medium,Active,Residential,Unpaid,Under observation,2025-03-04
PLOT130,Neysa Borde,Hazel Kadam,904/C,991,8.7,Non-Agricultural,Nadiad,Sangola,Ahmednagar,Maharashtra,Joint,3,Cotton,Borewell,Bank Loan,M5982,2021-12-02,₹744151,₹1812850,Sale,R4240,XXXX-XXXX-8093,SESPB5847L,0798532428,"H.No. 51, Tandon Chowk, Suryapet-923072",19.5937,73.0914,Alluvial,Low,Disputed,Crop,Unpaid,Irrigated area,2025-09-19
PLOT131,Seher Bhandari,Ishita Kadam,656/C,473,2.27,Agricultural,Madhyamgram,Karjat,Kolhapur,Maharashtra,Joint,3,Cotton,Rainfed,Bank Loan,M8609,2023-10-24,₹580505,₹1750009,Sale,R3819,XXXX-XXXX-1685,UFDPC1885D,03357706582,"98/69, Bera Ganj, Kamarhati-566199",19.1976,73.846,Laterite,Medium,Active,Residential,Unpaid,Partially cultivated,2025-05-16
PLOT132,Zeeshan Singh,Mahika Kadam,831/B,127,3.57,Agricultural,Berhampore,Sangola,Kolhapur,Maharashtra,Joint,4,Fallow,Canal,Legal Dispute,M2186,2021-05-22,₹639865,₹905005,Sale,R9103,XXXX-XXXX-2720,ZFWPI6321X,9080977893,"05, Khanna Marg, Karimnagar 389988",19.2444,75.5864,Alluvial,Medium,Active,Crop,Paid,Dryland,2024-10-28
PLOT133,Trisha Lata,Yasmin Kadam,236/C,487,0.66,Agricultural,Anantapuram,Baramati,Nashik,Maharashtra,Joint,3,Maize,Rainfed,Bank Loan,M3613,2023-04-24,₹726826,₹1850506,Inheritance,R7241,XXXX-XXXX-2577,DZIPL2406B,+910318292999,"389, Ramachandran Marg, Darbhanga 144638",18.026,75.5847,Black Cotton,Low,Disputed,Fallow,Paid,Irrigated area,2025-07-11
PLOT134,Mohanlal Deo,Kismat Kadam,804/C,416,5.43,Non-Agricultural,Chittoor,Rahuri,Ahmednagar,Maharashtra,Single,1,Fallow,Rainfed,Bank Loan,M9773,2023-08-20,₹262064,₹1731086,Gift,R6903,XXXX-XXXX-4728,OFYPQ7989J,7365594229,"53/445, Bir Zila, Jorhat 692395",19.6549,74.278,Red,Medium,Active,Residential,Paid,Under observation,2025-01-11
PLOT135,Seher Sura,Parinaaz Shinde,926/B,794,6.79,Agricultural,Giridih,Pandharpur,Solapur,Maharashtra,Single,1,Maize,Borewell,Bank Loan,M5499,2023-07-24,₹229244,₹1349521,Sale,R3061,XXXX-XXXX-1907,OUTPD1478H,+914000190854,"18, Dhar Marg, Udupi-276755",17.5564,74.2538,Red,Medium,Disputed,Fallow,Paid,Irrigated area,2025-01-22
PLOT136,Dhanush Vala,Darshit Deshmukh,788/A,198,6.65,Agricultural,Satara,Rahuri,Nashik,Maharashtra,Joint,3,Fallow,Borewell,None,M2589,2023-10-03,₹759133,₹1290346,Inheritance,R9950,XXXX-XXXX-3797,OQBPW6540T,02548792205,"36/47, Rao Ganj, Jalgaon-301989",19.5005,75.4486,Red,Fertile,Active,Fallow,Paid,Dryland,2025-01-11
PLOT137,Divyansh Gulati,Chirag Kadam,694/C,192,4.79,Non-Agricultural,Cuttack,Pandharpur,Beed,Maharashtra,Single,1,Cotton,Well,Legal Dispute,M5886,2020-11-15,₹308508,₹1326682,Gift,R3136,XXXX-XXXX-1357,PMAPC6612L,1809072522,"34/49, Sharma Chowk, Nagaon 341996",17.2217,75.0423,Black Cotton,Medium,Active,Fallow,Unpaid,Partially cultivated,2025-08-22
PLOT138,Hazel Gour,Saanvi Shinde,404/A,774,2.41,Agricultural,Jamalpur,Pandharpur,Ahmednagar,Maharashtra,Joint,3,Fallow,Rainfed,Mortgage,M7421,2021-09-30,₹410802,₹1250881,Inheritance,R3894,XXXX-XXXX-8495,SFVPZ2158L,+914642408425,"86/58, Sandhu Street, Dharmavaram 856919",19.3688,74.253,Sandy,Low,Disputed,Crop,Unpaid,Irrigated area,2024-10-28
PLOT139,Raunak Sagar,Ayesha Shinde,497/C,671,8.43,Agricultural,Mumbai,Pandharpur,Solapur,Maharashtra,Single,1,Paddy,Canal,Bank Loan,M9874,2024-12-13,₹711820,₹1190252,Gift,R5333,XXXX-XXXX-6423,ATCPL3217S,2728425470,"62/20, Chaudry Street, Jodhpur 668274",18.4329,75.9505,Sandy,Medium,Disputed,Fallow,Unpaid,Under observation,2024-11-17
PLOT140,Pranay Choudhary,Onkar Jadhav,619/C,612,9.61,Agricultural,Kalyan-Dombivli,Beed,Ahmednagar,Maharashtra,Joint,4,Fallow,Canal,Mortgage,M8265,2022-08-20,₹760622,₹1372784,Sale,R7473,XXXX-XXXX-4674,ZVWPE2162R,+918673554304,"H.No. 93, Yohannan Ganj, Faridabad 633124",17.6291,73.464,Alluvial,Low,Disputed,Residential,Unpaid,Irrigated area,2025-05-16
PLOT141,Anaya Basak,Veer Kadam,457/B,198,8.25,Non-Agricultural,Vijayawada,Karmala,Kolhapur,Maharashtra,Joint,2,Cotton,Canal,Bank Loan,M6367,2023-03-13,₹685040,₹1237795,Gift,R1115,XXXX-XXXX-1653,MPQPE9992H,+918984486870,"H.No. 447, Bhandari Circle, Noida 286950",17.9941,74.5348,Red,Medium,Active,Residential,Unpaid,Under observation,2025-01-28
PLOT142,Mishti Sani,Ritvik Jadhav,347/B,174,1.73,Agricultural,Berhampur,Karjat,Nashik,Maharashtra,Single,1,Maize,Borewell,Legal Dispute,M1138,2025-04-25,₹413796,₹1909498,Sale,R5846,XXXX-XXXX-7418,UXUPW6831I,03578046920,"80/280, Lala Zila, Begusarai-035694",19.1429,73.8625,Alluvial,Fertile,Active,Fallow,Unpaid,Partially cultivated,2025-03-29
PLOT143,Renee Babu,Ishita Shinde,220/B,784,8.64,Non-Agricultural,Raebareli,Rahuri,Pune,Maharashtra,Single,1,Maize,Rainfed,Legal Dispute,M3397,2022-10-04,₹574464,₹1289597,Inheritance,R2560,XXXX-XXXX-5028,BVPPO6897D,+911038540508,"H.No. 55, Jaggi Chowk, Jaunpur-181652",17.027,74.1831,Laterite,Low,Disputed,Crop,Paid,Under observation,2025-07-20
PLOT144,Prisha Sarna,Hazel Deshmukh,738/B,300,9.75,Non-Agricultural,Jamshedpur,Pandharpur,Nashik,Maharashtra,Single,1,Maize,Well,Mortgage,M1310,2023-06-10,₹363004,₹1348720,Inheritance,R1264,XXXX-XXXX-9573,KBLPJ5340E,9826319891,"24/56, Karan Street, Giridih 567332",18.3026,73.2795,Red,Medium,Active,Fallow,Unpaid,Irrigated area,2024-11-04
PLOT145,Jhanvi Badami,Saira Deshmukh,363/C,167,6.78,Non-Agricultural,Raichur,Karmala,Nashik,Maharashtra,Joint,3,Fallow,Canal,Mortgage,M8476,2025-03-07,₹555384,₹1292928,Gift,R6864,XXXX-XXXX-8921,BSOPC0958L,02176302464,"H.No. 655, Acharya Circle, Pudukkottai 610953",17.4762,75.8045,Red,Medium,Active,Fallow,Unpaid,Dryland,2024-12-10
PLOT146,Parinaaz Kadakia,Saksham Jadhav,506/C,218,5.08,Non-Agricultural,Arrah,Rahuri,Nashik,Maharashtra,Joint,2,Sugarcane,Rainfed,Mortgage,M6060,2025-01-29,₹657602,₹1559354,Gift,R6006,XXXX-XXXX-6795,UXVPX3746C,+919067467123,"45/68, Bala Nagar, Satna-852788",18.6041,75.8192,Laterite,Low,Disputed,Fallow,Paid,Partially cultivated,2025-04-04
PLOT147,Jhanvi Ranganathan,Dharmajan Kadam,218/A,359,6.82,Non-Agricultural,Alappuzha,Beed,Beed,Maharashtra,Joint,2,Maize,Rainfed,Bank Loan,M5271,2025-01-06,₹392767,₹1806548,Sale,R4893,XXXX-XXXX-3178,XWPPJ1928G,2509918470,"H.No. 74, Kanda, Amritsar-798935",17.7366,75.2115,Sandy,Medium,Disputed,Crop,Unpaid,Under observation,2025-01-29
PLOT148,Jayesh Srinivas,Elakshi Shinde,404/C,330,7.09,Agricultural,Dhule,Sangola,Beed,Maharashtra,Single,1,Sugarcane,Borewell,None,M4881,2021-08-04,₹445363,₹1507657,Gift,R2237,XXXX-XXXX-5898,DMDPE6450S,+914611218538,"H.No. 750, Vala Chowk, Gaya 145558",18.114,74.6319,Alluvial,Fertile,Disputed,Crop,Unpaid,Irrigated area,2025-07-09
PLOT149,Samar Gill,Biju Patil,886/C,318,3.59,Agricultural,Sasaram,Karjat,Kolhapur,Maharashtra,Joint,2,Cotton,Borewell,None,M3080,2021-04-01,₹556071,₹1719232,Gift,R2346,XXXX-XXXX-3978,WNIPS6341W,+915327806279,"H.No. 320, Das, Korba 443365",18.4149,75.0237,Alluvial,Medium,Disputed,Residential,Paid,Partially cultivated,2024-11-16
PLOT150,Nayantara Khare,Miraan Deshmukh,132/B,437,9.89,Agricultural,Nagaon,Rahuri,Kolhapur,Maharashtra,Joint,4,Paddy,Well,Legal Dispute,M8883,2024-08-18,₹289990,₹1687864,Inheritance,R8458,XXXX-XXXX-5501,WGWPX5567Y,1466590145,"05, Baral Street, Gulbarga-284645",18.7993,74.3849,Alluvial,Low,Disputed,Fallow,Unpaid,Irrigated area,2025-09-02
PLOT151,Pihu Andra,Drishya Jadhav,245/A,670,2.82,Agricultural,Ajmer,Karjat,Beed,Maharashtra,Joint,3,Paddy,Rainfed,Legal Dispute,M9013,2025-06-08,₹443682,₹1946773,Inheritance,R2139,XXXX-XXXX-9762,AIEPW9526B,+917186175891,"67, Thaman Ganj, Junagadh-796866",19.9525,74.9748,Laterite,Medium,Active,Crop,Unpaid,Partially cultivated,2025-06-10
PLOT152,Kashvi Contractor,Abram Shinde,507/A,159,0.85,Agricultural,Bilaspur,Sangola,Beed,Maharashtra,Single,1,Cotton,Canal,Bank Loan,M1668,2022-02-28,₹624586,₹1174111,Inheritance,R5344,XXXX-XXXX-7708,FNOPT5810T,2796265114,"H.No. 549, Buch Zila, Machilipatnam-391919",19.0903,73.7797,Red,Fertile,Active,Residential,Unpaid,Dryland,2025-10-01
PLOT153,Indrajit Bajaj,Lakshay Patil,450/B,137,6.58,Agricultural,Phagwara,Karjat,Pune,Maharashtra,Single,1,Wheat,Rainfed,Legal Dispute,M7736,2025-03-20,₹261852,₹1134764,Gift,R3280,XXXX-XXXX-1600,URWPM1812S,+911872132944,"15/30, Vora Chowk, Silchar 498696",18.7771,74.949,Alluvial,Fertile,Active,Residential,Paid,Irrigated area,2025-05-11
PLOT154,Alia Walia,Kiaan Patil,189/A,101,8.5,Agricultural,Jhansi,Pandharpur,Beed,Maharashtra,Joint,4,Cotton,Well,Legal Dispute,M1099,2023-03-01,₹768976,₹1772886,Sale,R6591,XXXX-XXXX-9314,YRYPV6312Y,04931391087,"H.No. 608, Sinha Zila, Ghaziabad-209630",19.8272,75.5036,Sandy,Low,Active,Crop,Paid,Under observation,2025-06-03
PLOT155,Onkar Chand,Badal Shinde,147/A,532,3.13,Agricultural,Mau,Beed,Beed,Maharashtra,Joint,4,Fallow,Rainfed,Bank Loan,M1098,2021-05-26,₹471049,₹1719656,Inheritance,R6975,XXXX-XXXX-1687,TKGPL0908I,+910129630976,"08/700, Mandal Nagar, Burhanpur 629382",18.0477,75.0115,Alluvial,Low,Active,Crop,Unpaid,Under observation,2024-12-08
PLOT156,Miraya Barman,Kabir Kadam,292/C,850,4.64,Agricultural,Srinagar,Sangola,Beed,Maharashtra,Single,1,Cotton,Well,Legal Dispute,M5958,2021-05-20,₹552948,₹1751237,Gift,R7542,XXXX-XXXX-3024,OVEPY4642N,+917303831239,"59, Luthra Street, Pudukkottai-279929",18.9653,73.3447,Alluvial,Low,Disputed,Residential,Paid,Irrigated area,2025-07-21
PLOT157,Samaira Sibal,Badal Jadhav,822/A,152,8.02,Non-Agricultural,Muzaffarnagar,Sangola,Beed,Maharashtra,Joint,4,Sugarcane,Rainfed,Mortgage,M6493,2023-08-30,₹583786,₹986608,Inheritance,R3069,XXXX-XXXX-3345,QWOPN3759A,03882642193,"H.No. 547, Goyal Zila, Hyderabad 568316",18.2767,73.3609,Red,Medium,Disputed,Crop,Unpaid,Irrigated area,2024-11-02
PLOT158,Jhanvi Barman,Jiya Jadhav,701/A,325,1.16,Non-Agricultural,Ajmer,Sangola,Ahmednagar,Maharashtra,Single,1,Sugarcane,Well,Bank Loan,M5456,2021-06-28,₹233147,₹1403672,Gift,R3271,XXXX-XXXX-1379,QENPP3237J,6636966223,"19, Sami Road, Jamnagar-227993",19.4552,74.6235,Sandy,Fertile,Disputed,Fallow,Unpaid,Irrigated area,2025-08-31
PLOT159,Zara Vaidya,Yakshit Jadhav,501/A,745,9.1,Agricultural,Bilaspur,Sangola,Kolhapur,Maharashtra,Joint,2,Fallow,Canal,Mortgage,M6283,2024-09-24,₹232155,₹1721385,Gift,R5127,XXXX-XXXX-2950,NBUPF8319Y,03266121187,"52, Bedi Street, Kanpur 929331",18.9499,75.1739,Black Cotton,Fertile,Disputed,Residential,Paid,Partially cultivated,2025-06-15
PLOT160,Ritvik Upadhyay,Nirvi Shinde,991/B,133,9.21,Non-Agricultural,Mahbubnagar,Karjat,Nashik,Maharashtra,Joint,3,Wheat,Well,Bank Loan,M2941,2022-03-11,₹497426,₹1918136,Inheritance,R3094,XXXX-XXXX-6909,AJHPV9844F,+914813938621,"82/886, Din Circle, Chinsurah-433019",17.1933,73.4268,Sandy,Low,Active,Crop,Paid,Under observation,2024-10-07
PLOT161,Indranil Dixit,Shray Shinde,441/A,410,5.5,Non-Agricultural,Visakhapatnam,Baramati,Kolhapur,Maharashtra,Single,1,Fallow,Borewell,None,M3998,2025-03-06,₹774018,₹1424505,Gift,R4149,XXXX-XXXX-3491,SPHPV1631H,03649502525,"08/942, Basu, Indore-360632",19.6542,74.9081,Laterite,Medium,Disputed,Fallow,Unpaid,Under observation,2025-09-17
PLOT162,Ayesha Gupta,Charvi Patil,743/B,192,9.69,Agricultural,Thane,Pandharpur,Nashik,Maharashtra,Single,1,Sugarcane,Canal,Mortgage,M4647,2022-01-13,₹225811,₹1275138,Gift,R5176,XXXX-XXXX-3783,SVWPZ7885A,+910018065411,"52, Kanda Road, Gopalpur-344665",17.1032,73.828,Red,Low,Disputed,Fallow,Paid,Under observation,2025-03-04
PLOT163,Heer Acharya,Bhavin Deshmukh,427/C,113,4.26,Non-Agricultural,Solapur,Karjat,Solapur,Maharashtra,Joint,4,Paddy,Well,Bank Loan,M1517,2021-04-02,₹628285,₹1268640,Inheritance,R7816,XXXX-XXXX-8925,GGOPM1645D,01043747485,"24/152, Dhillon Ganj, Bongaigaon 366066",18.9834,75.645,Alluvial,Low,Disputed,Residential,Paid,Irrigated area,2025-04-27
PLOT164,Jivika Konda,Himmat Jadhav,457/C,790,9.77,Non-Agricultural,Bhilwara,Pandharpur,Ahmednagar,Maharashtra,Joint,3,Soybean,Borewell,Legal Dispute,M5370,2024-10-26,₹577838,₹1135270,Sale,R2290,XXXX-XXXX-7713,HUSPE6366G,04080126627,"69/653, Baral Circle, Nandyal 468977",18.7718,73.8391,Laterite,Fertile,Disputed,Residential,Paid,Partially cultivated,2025-06-28
PLOT165,Tushar Goel,Divyansh Shinde,617/C,848,1.22,Non-Agricultural,Karimnagar,Rahuri,Solapur,Maharashtra,Single,1,Fallow,Borewell,Bank Loan,M5452,2025-03-08,₹511263,₹1438479,Gift,R7974,XXXX-XXXX-4572,ZJJPU6535D,02274104845,"H.No. 826, Yohannan Chowk, Mango 022980",18.0044,75.0908,Laterite,Medium,Active,Residential,Unpaid,Partially cultivated,2024-12-21
PLOT166,Tanya Tella,Khushi Kadam,460/A,458,8.55,Agricultural,Munger,Karjat,Ahmednagar,Maharashtra,Single,1,Fallow,Borewell,Legal Dispute,M9699,2023-06-17,₹368465,₹1152316,Gift,R3838,XXXX-XXXX-6417,MLBPG2386N,+914822267679,"35/22, Sem Circle, Tiruppur-335427",19.3086,74.6297,Laterite,Fertile,Disputed,Residential,Unpaid,Dryland,2025-05-07
PLOT167,Darshit Dora,Kimaya Patil,368/B,344,5.19,Non-Agricultural,Dehri,Rahuri,Kolhapur,Maharashtra,Single,1,Sugarcane,Well,Mortgage,M8841,2025-04-25,₹354557,₹1029346,Sale,R2523,XXXX-XXXX-6936,TVHPX6034X,1668175261,"379, Bedi Marg, Bharatpur 619856",19.0614,74.0512,Alluvial,Low,Disputed,Crop,Paid,Irrigated area,2024-12-23
PLOT168,Manikya Wagle,Mamooty Kadam,779/A,303,0.99,Non-Agricultural,Bhimavaram,Rahuri,Pune,Maharashtra,Single,1,Cotton,Canal,Legal Dispute,M6392,2022-03-17,₹526609,₹1342828,Sale,R4997,XXXX-XXXX-8233,KDHPM4447K,09403568627,"89/34, Kalita Road, Mangalore-837605",19.3815,73.1873,Sandy,Medium,Active,Fallow,Unpaid,Under observation,2025-09-09
PLOT169,Aarush Jhaveri,Sahil Deshmukh,129/A,163,6.04,Agricultural,Kumbakonam,Baramati,Ahmednagar,Maharashtra,Single,1,Fallow,Well,None,M6155,2022-10-20,₹565465,₹1778930,Gift,R2787,XXXX-XXXX-8149,PXUPO6081K,05572794870,"80/93, Bajaj Circle, Gurgaon 668899",17.3797,74.0689,Laterite,Medium,Disputed,Crop,Paid,Under observation,2025-02-22
PLOT170,Heer Madan,Abram Kadam,657/C,726,6.95,Agricultural,Ratlam,Rahuri,Nashik,Maharashtra,Single,1,Fallow,Well,Bank Loan,M1711,2025-06-17,₹617288,₹1405874,Gift,R2677,XXXX-XXXX-8617,IKJPU4006Q,01662379791,"H.No. 475, Batta Circle, Morena 484458",17.1904,74.1626,Sandy,Low,Disputed,Crop,Paid,Dryland,2025-07-06
PLOT171,Hridaan Kamdar,Aniruddh Kadam,715/C,362,1.94,Non-Agricultural,Rampur,Baramati,Nashik,Maharashtra,Joint,4,Wheat,Borewell,Legal Dispute,M9333,2021-07-06,₹327844,₹1547880,Gift,R2599,XXXX-XXXX-2113,NDIPB5395V,09211137457,"H.No. 417, Sarin Circle, Berhampur-212042",17.0796,75.268,Red,Low,Active,Crop,Paid,Under observation,2024-10-19
PLOT172,Shalv Doshi,Navya Shinde,379/B,875,6.92,Agricultural,Yamunanagar,Rahuri,Kolhapur,Maharashtra,Single,1,Cotton,Rainfed,Legal Dispute,M5274,2023-06-01,₹589782,₹1009134,Inheritance,R4744,XXXX-XXXX-1487,ZQDPF0745N,4464391755,"420, Gala Path, Ramagundam 175265",18.628,73.6408,Red,Low,Disputed,Fallow,Unpaid,Irrigated area,2025-05-08
PLOT173,Hrishita Jain,Ahana  Kadam,727/B,240,6.49,Agricultural,Tadipatri,Rahuri,Nashik,Maharashtra,Joint,2,Paddy,Well,Legal Dispute,M8196,2024-03-05,₹639610,₹1542301,Gift,R2405,XXXX-XXXX-6302,ZBDPT6559X,04452319532,"923, Kota Path, Khora -450290",18.8483,73.7342,Laterite,Fertile,Disputed,Fallow,Paid,Under observation,2025-05-19
PLOT174,Akarsh Sachar,Keya Shinde,330/B,525,2.3,Non-Agricultural,Kottayam,Karjat,Solapur,Maharashtra,Joint,3,Fallow,Rainfed,Bank Loan,M5082,2025-07-10,₹688040,₹1807571,Gift,R9173,XXXX-XXXX-3630,DPDPP3869Q,+918736149830,"23/915, Halder Chowk, Dhule-383345",18.7628,75.6461,Laterite,Fertile,Active,Fallow,Paid,Partially cultivated,2025-03-09
PLOT175,Divij Sant,Gatik Jadhav,172/A,975,6.64,Non-Agricultural,Hajipur,Baramati,Pune,Maharashtra,Joint,2,Soybean,Canal,Mortgage,M5181,2025-06-28,₹602746,₹1369812,Sale,R8468,XXXX-XXXX-6329,RNXPU9265V,+917866968639,"14/66, Banerjee Street, Tezpur-110748",18.6444,75.8468,Sandy,Medium,Disputed,Fallow,Unpaid,Under observation,2025-07-23
PLOT176,Nakul Chad,Amani Shinde,686/C,606,0.74,Non-Agricultural,Kollam,Baramati,Solapur,Maharashtra,Single,1,Wheat,Well,None,M7751,2023-01-04,₹722674,₹908341,Sale,R4101,XXXX-XXXX-3806,ZIZPE6734T,9467401119,"10/964, Khalsa Marg, Bhimavaram 397165",17.6458,74.7467,Laterite,Low,Disputed,Residential,Unpaid,Partially cultivated,2025-03-19
PLOT177,Aaryahi Ramachandran,Prerak Kadam,743/C,885,3.65,Non-Agricultural,Maheshtala,Rahuri,Solapur,Maharashtra,Single,1,Paddy,Canal,Legal Dispute,M1986,2024-04-22,₹776388,₹1672083,Inheritance,R5918,XXXX-XXXX-2150,BVVPH5136O,+916728367024,"78, Balakrishnan Zila, Bongaigaon-893701",17.6139,74.1876,Sandy,Medium,Active,Crop,Unpaid,Under observation,2025-02-21
PLOT178,Tanya Chandran,Ivan Shinde,714/A,268,6.21,Non-Agricultural,Mau,Karmala,Solapur,Maharashtra,Joint,2,Cotton,Borewell,Legal Dispute,M2868,2025-05-04,₹612993,₹1692840,Sale,R5743,XXXX-XXXX-2679,JFPPW6963S,04038404377,"364, Raj Ganj, Tiruppur 911642",18.3536,75.1792,Red,Low,Disputed,Crop,Unpaid,Under observation,2025-02-26
PLOT179,Hunar Dutt,Drishya Shinde,329/A,221,2.98,Agricultural,Gwalior,Sangola,Kolhapur,Maharashtra,Single,1,Fallow,Rainfed,Legal Dispute,M5309,2020-10-09,₹279480,₹1551438,Sale,R1426,XXXX-XXXX-9122,XKSPH4834A,+913784994416,"84/30, Grewal Chowk, Raichur-590824",17.4963,74.9532,Red,Fertile,Disputed,Residential,Unpaid,Under observation,2025-09-14
PLOT180,Dhanuk Aurora,Fateh Patil,906/A,146,8.08,Agricultural,Dehradun,Karmala,Kolhapur,Maharashtra,Joint,2,Fallow,Well,Mortgage,M3140,2025-06-09,₹542361,₹987998,Inheritance,R4367,XXXX-XXXX-9595,HWWPU5347P,5108579015,"H.No. 609, Doshi, Rajkot 684352",17.2129,73.294,Alluvial,Fertile,Active,Residential,Paid,Under observation,2025-07-02
PLOT181,Sahil Gala,Shaan Jadhav,558/A,350,1.61,Non-Agricultural,Kumbakonam,Sangola,Pune,Maharashtra,Joint,4,Wheat,Well,Legal Dispute,M6497,2025-03-22,₹524886,₹1158323,Sale,R8255,XXXX-XXXX-4335,FVGPC1712U,+915995244180,"H.No. 68, Thaman Chowk, Rajahmundry 539047",17.6192,74.03,Laterite,Low,Active,Fallow,Paid,Dryland,2024-10-20
PLOT182,Raunak Saraf,Shayak Patil,175/A,999,9.71,Agricultural,Medininagar,Karmala,Solapur,Maharashtra,Joint,4,Paddy,Borewell,None,M3951,2025-09-12,₹475715,₹1050504,Sale,R3589,XXXX-XXXX-7556,DKMPQ2407H,05301921742,"87, Dhingra Street, Sangli-Miraj & Kupwad 817488",18.8315,74.7912,Alluvial,Fertile,Active,Crop,Paid,Dryland,2025-09-25
PLOT183,Heer Sarma,Sumer Deshmukh,978/B,156,1.22,Agricultural,Karawal Nagar,Karmala,Kolhapur,Maharashtra,Joint,4,Paddy,Well,Legal Dispute,M4459,2023-06-29,₹427936,₹1463417,Gift,R2460,XXXX-XXXX-6189,GDBPV3799J,09237336550,"03/291, De Chowk, Durgapur 052433",18.9687,74.8978,Alluvial,Fertile,Disputed,Crop,Paid,Partially cultivated,2024-11-13
PLOT184,Kiaan Cherian,Divit Jadhav,141/B,705,0.92,Non-Agricultural,Kirari Suleman Nagar,Karjat,Pune,Maharashtra,Single,1,Cotton,Borewell,Mortgage,M6889,2023-02-17,₹799024,₹1796106,Sale,R8396,XXXX-XXXX-2536,IWGPP1866L,+913570035931,"694, Lad Path, Jorhat-490859",17.882,73.9847,Laterite,Medium,Disputed,Fallow,Paid,Irrigated area,2024-10-22
PLOT185,Jivin Gulati,Trisha Kadam,591/B,166,4.78,Non-Agricultural,Siwan,Rahuri,Solapur,Maharashtra,Single,1,Cotton,Rainfed,Mortgage,M5003,2023-05-18,₹587273,₹1019968,Inheritance,R2171,XXXX-XXXX-8797,FHCPR3467S,+919682931124,"852, Master Path, Hospet-960240",18.6616,75.8907,Red,Medium,Disputed,Fallow,Paid,Under observation,2025-03-08
PLOT186,Piya Thakur,Jivin Patil,266/A,713,6.66,Agricultural,Suryapet,Beed,Pune,Maharashtra,Single,1,Sugarcane,Borewell,Legal Dispute,M1173,2024-02-26,₹717602,₹989123,Sale,R9038,XXXX-XXXX-2387,BDWPD0409R,1845105589,"H.No. 53, Sarkar Street, Etawah-423028",17.4385,74.2729,Alluvial,Fertile,Disputed,Crop,Unpaid,Dryland,2025-05-25
PLOT187,Shaan Kumer,Kabir Deshmukh,765/A,340,8.78,Agricultural,Singrauli,Karmala,Ahmednagar,Maharashtra,Single,1,Paddy,Canal,Legal Dispute,M2847,2023-09-17,₹520081,₹925687,Sale,R7212,XXXX-XXXX-2147,DNPPU6977O,02869337340,"H.No. 76, Rajagopalan Ganj, Rajkot-056012",17.3006,73.7783,Alluvial,Low,Disputed,Crop,Paid,Partially cultivated,2025-08-07
PLOT188,Anya Dyal,Jayant Shinde,586/A,419,1.1,Agricultural,Munger,Beed,Nashik,Maharashtra,Single,1,Maize,Borewell,Legal Dispute,M2345,2024-12-08,₹716925,₹1156680,Sale,R4478,XXXX-XXXX-2854,FKYPU6053P,+915357228739,"H.No. 353, Sampath Chowk, Indore-838395",17.51,73.0685,Black Cotton,Fertile,Active,Residential,Unpaid,Dryland,2025-04-09
PLOT189,Aaryahi Joshi,Urvi Deshmukh,804/A,688,3.48,Agricultural,Malda,Karjat,Ahmednagar,Maharashtra,Single,1,Paddy,Borewell,Bank Loan,M3523,2023-07-04,₹264323,₹1930278,Inheritance,R8813,XXXX-XXXX-1000,XBIPY1688M,9778945605,"951, Kumer Path, Barasat-268813",18.6029,75.2172,Black Cotton,Low,Disputed,Residential,Unpaid,Irrigated area,2024-12-14
PLOT190,Neysa Shah,Taimur Deshmukh,411/A,332,0.52,Non-Agricultural,Bareilly,Pandharpur,Nashik,Maharashtra,Single,1,Wheat,Well,Bank Loan,M7216,2024-11-09,₹207981,₹1922867,Inheritance,R9046,XXXX-XXXX-5872,ZEHPD3599R,3255109848,"48/374, Mahal Ganj, Machilipatnam-343956",19.195,74.381,Alluvial,Medium,Active,Fallow,Paid,Partially cultivated,2024-10-25
PLOT191,Anahita Samra,Lavanya Patil,184/A,832,2.12,Agricultural,Karaikudi,Sangola,Nashik,Maharashtra,Joint,2,Sugarcane,Borewell,Bank Loan,M7817,2025-04-20,₹741527,₹1156091,Gift,R1546,XXXX-XXXX-7559,FMPPH3824J,8940834438,"007, Madan Ganj, Haldia-475966",18.1195,74.8426,Sandy,Fertile,Disputed,Residential,Paid,Partially cultivated,2024-12-30
PLOT192,Nirvaan Rout,Kavya Patil,913/A,440,5.58,Non-Agricultural,Dibrugarh,Baramati,Nashik,Maharashtra,Single,1,Sugarcane,Well,Mortgage,M7079,2022-02-11,₹206389,₹1686586,Inheritance,R4613,XXXX-XXXX-2083,BCXPH1732E,5290504956,"923, Walla Marg, Danapur 339460",18.1167,74.2377,Sandy,Low,Active,Fallow,Unpaid,Irrigated area,2025-03-28
PLOT193,Sana Goswami,Arhaan Kadam,580/B,976,2.94,Non-Agricultural,Junagadh,Rahuri,Beed,Maharashtra,Joint,3,Maize,Well,Bank Loan,M1662,2022-08-19,₹324172,₹1273581,Sale,R2984,XXXX-XXXX-8145,JPLPM4085H,08105136602,"42/70, Tank Chowk, Sultan Pur Majra 433735",18.3834,74.3607,Black Cotton,Low,Active,Residential,Unpaid,Under observation,2025-08-22
PLOT194,Anika Srinivasan,Madhav Kadam,948/A,276,3.9,Non-Agricultural,Farrukhabad,Karmala,Pune,Maharashtra,Single,1,Sugarcane,Well,None,M6061,2021-08-11,₹323722,₹1198750,Sale,R1357,XXXX-XXXX-4795,LITPO0799C,09086149852,"26/175, Banik Circle, Aligarh 089395",19.5799,75.7413,Alluvial,Low,Disputed,Residential,Unpaid,Irrigated area,2025-04-14
PLOT195,Tanya Kakar,Ayesha Patil,441/A,785,4.36,Agricultural,Karnal,Beed,Kolhapur,Maharashtra,Joint,2,Maize,Canal,Bank Loan,M8406,2023-04-13,₹262895,₹1162236,Gift,R8513,XXXX-XXXX-2320,MBQPO2829N,08398358516,"H.No. 134, Swamy Nagar, Rourkela-347762",19.2243,75.3204,Sandy,Low,Disputed,Residential,Paid,Under observation,2025-01-30
PLOT196,Vritika Rastogi,Diya Deshmukh,290/C,804,8.44,Agricultural,Sambalpur,Beed,Solapur,Maharashtra,Joint,4,Maize,Borewell,None,M2172,2024-02-21,₹333896,₹1738861,Inheritance,R9784,XXXX-XXXX-5786,OBRPK9942Z,4468604003,"23/36, Khosla Nagar, Ratlam 635873",17.9619,75.6995,Sandy,Fertile,Disputed,Fallow,Unpaid,Under observation,2025-03-16
PLOT197,Ishita Edwin,Khushi Deshmukh,522/C,864,2.69,Agricultural,Morbi,Karjat,Solapur,Maharashtra,Single,1,Maize,Well,Legal Dispute,M6426,2024-12-18,₹205201,₹1989201,Inheritance,R7369,XXXX-XXXX-4333,BKGPZ5304X,09493852670,"H.No. 87, Dugal Path, Tirunelveli-476267",19.4727,73.4074,Alluvial,Medium,Disputed,Residential,Unpaid,Under observation,2025-05-31
PLOT198,Ishaan Bedi,Heer Patil,993/B,525,7.53,Agricultural,Tiruvottiyur,Karjat,Pune,Maharashtra,Single,1,Soybean,Canal,None,M9432,2025-03-04,₹774995,₹1069333,Sale,R2536,XXXX-XXXX-5885,VYRPV5552J,+913677487141,"544, Ramakrishnan Road, Narasaraopet-414526",19.1917,74.8054,Black Cotton,Medium,Disputed,Fallow,Paid,Dryland,2025-05-28
PLOT199,Hiran Sandhu,Saira Patil,429/A,823,3.74,Agricultural,Chinsurah,Pandharpur,Kolhapur,Maharashtra,Joint,2,Fallow,Rainfed,None,M9245,2023-11-28,₹762327,₹970835,Sale,R9372,XXXX-XXXX-1172,DHXPI3680V,+913608830139,"333, Kar Circle, Dhule 217298",17.8741,74.3959,Sandy,Medium,Active,Crop,Paid,Dryland,2024-10-21
PLOT200,Zaina Raj,Aarna Patil,495/A,966,2.52,Agricultural,Kumbakonam,Pandharpur,Nashik,Maharashtra,Single,1,Paddy,Well,Mortgage,M2322,2022-01-29,₹768651,₹1926179,Gift,R6593,XXXX-XXXX-4644,VGBPL6740L,+911820670565,"H.No. 64, Garg Road, Mangalore-477468",17.0594,73.6461,Sandy,Fertile,Active,Crop,Paid,Irrigated area,2025-05-02
